AuthorID,Author,Date,Content,Attachments,Reactions
334756290742190081,._corey,11/09/2018 1:48 AM,,https://cdn.discordapp.com/attachments/492295576470290433/510254239042502697/unknown.png,‚ù§ (2)
334756290742190081,._corey,11/09/2018 1:48 AM,i think its understandable by this why it can not be modded,,
261535471698575370,hairywookiee,11/09/2018 1:49 AM,Oh it is an engine class indeed,,
261535471698575370,hairywookiee,11/09/2018 1:49 AM,I think potentially you can't mod anything that defines anything proto?,,
334756290742190081,._corey,11/09/2018 1:51 AM,haven't really checked that if i modded something that has proto,,
261535471698575370,hairywookiee,11/09/2018 1:52 AM,"For example you can't mod ""Magazine""",,
474231648842547210,cookie_commander,11/09/2018 1:54 AM,Does anyone have an example of send/receive custom RPC working?,,
334756290742190081,._corey,11/09/2018 1:55 AM,"you can send it on mostly anything, but can receive it on a low amount of classes",,
334756290742190081,._corey,11/09/2018 1:55 AM,best one to use is playerbase,,
334756290742190081,._corey,11/09/2018 1:55 AM,"that's the most ""versatile"" function to work with RPCs",,
334756290742190081,._corey,11/09/2018 1:56 AM,"ScriptRPC rpc = new ScriptRPC();
    rpc.Write(""string"");
    rpc.Send(null, your_rpc_name, true);",,
334756290742190081,._corey,11/09/2018 1:57 AM,send it like this,,
334756290742190081,._corey,11/09/2018 1:57 AM,"you can write as many data as you want, just remember the sequence",,
334756290742190081,._corey,11/09/2018 1:58 AM,then read it like this,,
334756290742190081,._corey,11/09/2018 1:58 AM,"void OnRPC(ParamsReadContext ctx)
        {
            string text;

            ctx.Read(text);
        }",,
261535471698575370,hairywookiee,11/09/2018 1:58 AM,You could probably capture the RPC in DayZGame?,,
334756290742190081,._corey,11/09/2018 1:58 AM,"Even if you can access the RPC, you cant really do much from there",,
474231648842547210,cookie_commander,11/09/2018 1:58 AM,Right becuse atm I'm in the missionGameplay,,
334756290742190081,._corey,11/09/2018 1:58 AM,DayZGame is a LVL3 function right?,,
334756290742190081,._corey,11/09/2018 1:58 AM,you cant intercept RPCs in missionGameplay,,
334756290742190081,._corey,11/09/2018 1:59 AM,lvl3 class i mean,,
474231648842547210,cookie_commander,11/09/2018 1:59 AM,Oh damn really?,,
334756290742190081,._corey,11/09/2018 1:59 AM,"You can send RPCs from missionGameplay, but cant receive",,
334756290742190081,._corey,11/09/2018 1:59 AM,"and also, missionGameplay is client side",,
261535471698575370,hairywookiee,11/09/2018 1:59 AM,"Oh, due to the funky auto-include system you mean?",,
334756290742190081,._corey,11/09/2018 1:59 AM,"also, the way the hierarchy works in the game",,
334756290742190081,._corey,11/09/2018 2:00 AM,If you have a class in LVL4,,
474231648842547210,cookie_commander,11/09/2018 2:00 AM,that explains with whats being happening lmao,,
334756290742190081,._corey,11/09/2018 2:00 AM,you cant access 5_Mission from 4_World,,
334756290742190081,._corey,11/09/2018 2:00 AM,but you can access 4_World from 5_Mission,,
334756290742190081,._corey,11/09/2018 2:00 AM,you can acces 1-2-3-4 from 5,,
334756290742190081,._corey,11/09/2018 2:00 AM,you can go downwards but not upwards,,
334756290742190081,._corey,11/09/2018 2:00 AM,that's why you have to be careful where you define specific classes,,
334756290742190081,._corey,11/09/2018 2:01 AM,"for example i have my player database inside 4_World, because i wan't to access it from PlayerBase",,
261535471698575370,hairywookiee,11/09/2018 2:01 AM,Explains why there are no references to PlayerBase in 3_Game,,
334756290742190081,._corey,11/09/2018 2:01 AM,if it would be in 5_Mission i wouldnt be able to do that,,
474231648842547210,cookie_commander,11/09/2018 2:02 AM,So where would be the best place for keypress > send rpc > teleport player or spawn an item?,,
456226577798135808,Deleted User,11/09/2018 2:02 AM,Updated my server and i can login with the mod by Da0ne but cant get commands to work?,,
334756290742190081,._corey,11/09/2018 2:03 AM,"@CaptainCookie  is missionGameplay, you can forge the RPC by i showed u above",,
334756290742190081,._corey,11/09/2018 2:03 AM,for example on keypress,,
334756290742190081,._corey,11/09/2018 2:03 AM,"if(key == KeyCode.KC_O)
{}",,
474231648842547210,cookie_commander,11/09/2018 2:03 AM,Wait you just said it won't work to receive rpc?,,
474231648842547210,cookie_commander,11/09/2018 2:03 AM,so how would it work?,,
334756290742190081,._corey,11/09/2018 2:04 AM,"i said, you cant receive RPC on missionGameplay",,
261535471698575370,hairywookiee,11/09/2018 2:04 AM,I'm assuming if you send an RPC to null then every object gets it?,,
334756290742190081,._corey,11/09/2018 2:04 AM,but you can send from there,,
334756290742190081,._corey,11/09/2018 2:04 AM,"NULL means no target, so it sends it to the server",,
334756290742190081,._corey,11/09/2018 2:04 AM,"no matter what, if you send from client, it will be sent to the server",,
334756290742190081,._corey,11/09/2018 2:04 AM,backwards it's different,,
334756290742190081,._corey,11/09/2018 2:05 AM,@CaptainCookie  make a C file called anything in 3_Game\Enums,,
334756290742190081,._corey,11/09/2018 2:05 AM,can be called anything,,
334756290742190081,._corey,11/09/2018 2:05 AM,make an enum in it,,
334756290742190081,._corey,11/09/2018 2:06 AM,"enum CookieRPC
{
rpc_cookie = 666;
}",,
334756290742190081,._corey,11/09/2018 2:06 AM,this goes in there,,
334756290742190081,._corey,11/09/2018 2:06 AM,this way you define a new RPC pointer,,
334756290742190081,._corey,11/09/2018 2:06 AM,"this has to be in the servers / clients folder as well, so they can identify it",,
474231648842547210,cookie_commander,11/09/2018 2:06 AM,I've got one of those in my 5_mission atm,,
334756290742190081,._corey,11/09/2018 2:06 AM,put it in 3_Game so 4 and 5 can access it,,
474231648842547210,cookie_commander,11/09/2018 2:07 AM,right,,
334756290742190081,._corey,11/09/2018 2:07 AM,you will need it from there,,
135355238990348288,djctavia,11/09/2018 2:07 AM,Heu... Anynone can help ?,https://cdn.discordapp.com/attachments/492295576470290433/510259034037813278/unknown.png,
334756290742190081,._corey,11/09/2018 2:07 AM,lol wtf,,
334756290742190081,._corey,11/09/2018 2:07 AM,modded class XY extends XY,,
334756290742190081,._corey,11/09/2018 2:07 AM,dont do that lol,,
135355238990348288,djctavia,11/09/2018 2:07 AM,AH üòÇ,,
135355238990348288,djctavia,11/09/2018 2:08 AM,"I mind it, but, could be normal too",,
334756290742190081,._corey,11/09/2018 2:08 AM,also you don't really need ref,,
334756290742190081,._corey,11/09/2018 2:08 AM,it will return the instance class,,
334756290742190081,._corey,11/09/2018 2:08 AM,not the reference,,
334756290742190081,._corey,11/09/2018 2:08 AM,i assume thats what you need,,
456226577798135808,Deleted User,11/09/2018 2:08 AM,Anyone else know if Da0ne mod commands arent working,,
135355238990348288,djctavia,11/09/2018 2:08 AM,"Yes, thank's üòÉ",,
334756290742190081,._corey,11/09/2018 2:08 AM,have no idea never heard about daone what,,
456226577798135808,Deleted User,11/09/2018 2:08 AM,his mods working cus feed is working,,
334756290742190081,._corey,11/09/2018 2:08 AM,so @Cookies you defined your enum?,,
456226577798135808,Deleted User,11/09/2018 2:08 AM,but commands arent,,
474231648842547210,cookie_commander,11/09/2018 2:09 AM,Yep,,
334756290742190081,._corey,11/09/2018 2:09 AM,what is your enum?,,
334756290742190081,._corey,11/09/2018 2:09 AM,i mean what did you call it?,,
82998531970826240,that1drifter,11/09/2018 2:09 AM,I think it can't load the Admins.txt due to an issue @Deleted User,,
474231648842547210,cookie_commander,11/09/2018 2:09 AM,atm I've got the receive still as part of another class called by modded missionGameplay,,
334756290742190081,._corey,11/09/2018 2:09 AM,"no, what did you write in the file",,
334756290742190081,._corey,11/09/2018 2:10 AM,like,,
334756290742190081,._corey,11/09/2018 2:10 AM,enum what {},,
456226577798135808,Deleted User,11/09/2018 2:10 AM,Fack you having the issue too? @Drifter,,
135355238990348288,djctavia,11/09/2018 2:10 AM,It keep telling me my function is undefined,,
334756290742190081,._corey,11/09/2018 2:10 AM,"well, what are you trying to do?",,
261535471698575370,hairywookiee,11/09/2018 2:10 AM,What are you doing in CustomMission.c?,,
474231648842547210,cookie_commander,11/09/2018 2:11 AM,"enum M_RPCs
{
M_TEST= 600;
}",,
135355238990348288,djctavia,11/09/2018 2:11 AM,"I'm trying to get ""m_Environment"" of playerBase through function, and I call it in my init.c for player creation",,
474231648842547210,cookie_commander,11/09/2018 2:11 AM,nothing special @Corey,,
82998531970826240,that1drifter,11/09/2018 2:11 AM,no but I am assuming that due to the problem with loading external files,,
261535471698575370,hairywookiee,11/09/2018 2:11 AM,"Plus is that playerbase.c either part of a mod, or stuck directly in Scripts.pbo?",,
334756290742190081,._corey,11/09/2018 2:11 AM,"alright, you have M_RPCs, that is your ""group"" of RPCs",,
334756290742190081,._corey,11/09/2018 2:11 AM,"you can add any amount ofvariables in there, just make sure they have different IDs",,
334756290742190081,._corey,11/09/2018 2:12 AM,you can access M_TEST by           M_RPCs.M_TEST,,
474231648842547210,cookie_commander,11/09/2018 2:12 AM,yep I've got no problem with that,,
135355238990348288,djctavia,11/09/2018 2:12 AM,"Is in my ""weatherplus\addons\scripts.pbo""",,
135355238990348288,djctavia,11/09/2018 2:12 AM,"And ""natural"" path of playerbase",,
334756290742190081,._corey,11/09/2018 2:12 AM,"now, you go to the script, where you want to forge your RPC",,
334756290742190081,._corey,11/09/2018 2:12 AM,"in this case, missionGameplay",,
334756290742190081,._corey,11/09/2018 2:13 AM,go to the onKeypresFunction,,
261535471698575370,hairywookiee,11/09/2018 2:13 AM,inside that I'm assuming you've got WeatherPlus\scripts\4_World\playerbase.c ?,,
135355238990348288,djctavia,11/09/2018 2:13 AM,"""weatherplus\addons\scripts\scripts\4_World\entities\manbase\playerbase.c"" yup",,
334756290742190081,._corey,11/09/2018 2:13 AM,@DjCtavia how are you trying to access that function?,,
334756290742190081,._corey,11/09/2018 2:14 AM,show me the line where it says undefined function,,
135355238990348288,djctavia,11/09/2018 2:14 AM,,https://cdn.discordapp.com/attachments/492295576470290433/510260882916245554/unknown.png,
334756290742190081,._corey,11/09/2018 2:14 AM,see,,
334756290742190081,._corey,11/09/2018 2:14 AM,the answer is right there,,
334756290742190081,._corey,11/09/2018 2:14 AM,PlayerBase is not Identity,,
261535471698575370,hairywookiee,11/09/2018 2:15 AM,You're calling it on PlayerIdentity..,,
334756290742190081,._corey,11/09/2018 2:15 AM,get the player first,,
334756290742190081,._corey,11/09/2018 2:15 AM,identity.GetPlayer().getEnvironment(),,
261535471698575370,hairywookiee,11/09/2018 2:15 AM,m_player.GetEnvironment() instead,,
334756290742190081,._corey,11/09/2018 2:15 AM,so @CaptainCookie  i 'll write you a quick example how can you send an RPC on key press,,
135355238990348288,djctavia,11/09/2018 2:16 AM,"Hum, I though that was correct cause when I highlight it with my cursor it tell me a method returning playerbase",,
135355238990348288,djctavia,11/09/2018 2:16 AM,Thank's boys,,
334756290742190081,._corey,11/09/2018 2:16 AM,yes because identity refers to playerbase at some point,,
334756290742190081,._corey,11/09/2018 2:16 AM,but its not the same,,
334756290742190081,._corey,11/09/2018 2:17 AM,as i said earlier you can get identity from player and player from identity,,
107560637399306240,cooltrain,11/09/2018 2:17 AM,Yep I'll send you a pm,,
334756290742190081,._corey,11/09/2018 2:17 AM,@CaptainCookie  this goes into your missionGameplay onKeypress,,
334756290742190081,._corey,11/09/2018 2:17 AM,"if ( key == KeyCode.KC_O )
        {
            ScriptRPC rpc = new ScriptRPC();
            rpc.Write(""string"");
            rpc.Write(1);
            rpc.Write(12.5);
            rpc.Send(null, M_RPCs.M_TEST, true);
        }",,
334756290742190081,._corey,11/09/2018 2:17 AM,"so if you press O, itt will forge the RPC, fill with desired data then send it to the server",,
261535471698575370,hairywookiee,11/09/2018 2:18 AM,I don't think you can get the player from the identity a ctually,,
334756290742190081,._corey,11/09/2018 2:18 AM,you can,,
334756290742190081,._corey,11/09/2018 2:18 AM,i do that,,
261535471698575370,hairywookiee,11/09/2018 2:18 AM,At least there's nothing defined in the proto class for PlayerIdentity..,,
135355238990348288,djctavia,11/09/2018 2:18 AM,"Your help is very appreciate guys, this is difficult to familiarize with DayZ modding for me, don't codded a lot with object language ^^",,
334756290742190081,._corey,11/09/2018 2:19 AM,i know @hairywookiee  its magic,,
334756290742190081,._corey,11/09/2018 2:20 AM,xfles,,
261535471698575370,hairywookiee,11/09/2018 2:20 AM,Must exist in native code?,,
334756290742190081,._corey,11/09/2018 2:21 AM,"i have no idea, I'll scan the scripts quickly",,
334756290742190081,._corey,11/09/2018 2:22 AM,PlayerIdentity getIdentity() is defined in Man,,
334756290742190081,._corey,11/09/2018 2:22 AM,class PlayerIdentity: Managed,,
334756290742190081,._corey,11/09/2018 2:22 AM,it is part of managed,,
148370724900306944,jacob_mango,11/09/2018 2:23 AM,you can't modify PlayerIdentity btw,,
334756290742190081,._corey,11/09/2018 2:23 AM,i don't think anyone wants to do that lol,,
261535471698575370,hairywookiee,11/09/2018 2:24 AM,"Get getting the identity from the player makes sense, it's the other way around that I didn't think was doable",,
261535471698575370,hairywookiee,11/09/2018 2:26 AM,Workbench says undefined function for GetPlayer,,
334756290742190081,._corey,11/09/2018 2:26 AM,"it is, they inherit Man",,
261535471698575370,hairywookiee,11/09/2018 2:26 AM,Yes.... PlayerBase inherits from Man,,
261535471698575370,hairywookiee,11/09/2018 2:26 AM,So PlayerBase has a GetIdentity() function,,
261535471698575370,hairywookiee,11/09/2018 2:27 AM,class Man is surely referriing to Hu*man*,,
261535471698575370,hairywookiee,11/09/2018 2:27 AM,whereas Managed is probably an implementation detail,,
334756290742190081,._corey,11/09/2018 2:28 AM,Man is like the deepest function you would want to go,,
334756290742190081,._corey,11/09/2018 2:28 AM,already too deep,,
334756290742190081,._corey,11/09/2018 2:28 AM,you can do mostly anything in 3_Game 4_World 5_Mission by defining new classes and modding some,,
334756290742190081,._corey,11/09/2018 2:32 AM,tho i hope they fix the FileSerialize in the game,,
135355238990348288,djctavia,11/09/2018 5:32 AM,No way,https://cdn.discordapp.com/attachments/492295576470290433/510310788767023105/unknown.png,
135355238990348288,djctavia,11/09/2018 5:33 AM,"I hope that will be fixed sound, we really need it !",,
356557233578049537,dr_j0nes,11/09/2018 5:37 AM,Has somebody managed to get Vehicles to spawn so they are persistent? My spawned vehicles get despawned on server restart and also when I am a few hundert meters away from them xD,,
356557233578049537,dr_j0nes,11/09/2018 5:38 AM,Another question xD Is there something like FileSerialization for xml files or does I have to read them Line by Line with FileHandle?,,
356557233578049537,dr_j0nes,11/09/2018 5:38 AM,Thanks üòÑ,,
239201186933112833,da0ne_,11/09/2018 5:45 AM,@DjCtavia is that for using Format,,
239201186933112833,da0ne_,11/09/2018 5:45 AM,"```Format(""Meme %1"",strMeme);```",,
239201186933112833,da0ne_,11/09/2018 5:45 AM,right?,,
135355238990348288,djctavia,11/09/2018 5:45 AM,"Nope, mathematical operation",,
239201186933112833,da0ne_,11/09/2018 5:45 AM,oh k,,
135355238990348288,djctavia,11/09/2018 5:46 AM,"For my case it's not too important cause I can do a Math.Floor for getting only the decimal, but that quite annoying for more complex uses üò¶",,
239201186933112833,da0ne_,11/09/2018 5:47 AM,make a function that should handle it,,
135355238990348288,djctavia,11/09/2018 5:47 AM,"Yeah, could use a function, but don't really need it for the moment ^^",,
135355238990348288,djctavia,11/09/2018 6:06 AM,"@Dr_J0nes It should be saved in Database, don't really know how, but EntityAI have a function for saving some ""types"", You can still create .json with all the vehicle in game when server will stop, and save file as ""vehicle-ID.json""",,
135355238990348288,djctavia,11/09/2018 6:06 AM,"Look at class: ""class JsonFileLoader"", I remember somebody sent me a very good example, I'll try to find it",,
239201186933112833,da0ne_,11/09/2018 6:07 AM,well...you could get them to save by just adding it to teh db xml,,
239201186933112833,da0ne_,11/09/2018 6:07 AM,"in types.xml anything you add, it will save it",,
239201186933112833,da0ne_,11/09/2018 6:07 AM,no mater what Entity is,,
239201186933112833,da0ne_,11/09/2018 6:07 AM,"itembase, buidlings whateverv",,
356557233578049537,dr_j0nes,11/09/2018 6:07 AM,The vehicles which get spawned by the server events are persistent so I think I have to use something other then creategameobject or maybe set a flag on that object,,
135355238990348288,djctavia,11/09/2018 6:08 AM,"Didn't knew that, good one DaOnly",,
356557233578049537,dr_j0nes,11/09/2018 6:08 AM,Ah ok ^^,,
356557233578049537,dr_j0nes,11/09/2018 6:09 AM,Really strange is that I had spawned a garden plot with creategameobject and it's persistent :0,,
239201186933112833,da0ne_,11/09/2018 6:09 AM,yea thst beacsue its in the xmls,,
239201186933112833,da0ne_,11/09/2018 6:09 AM,of types,,
239201186933112833,da0ne_,11/09/2018 6:09 AM,and it has a lifetime,,
356557233578049537,dr_j0nes,11/09/2018 6:10 AM,But I have not added it to the xml,,
239201186933112833,da0ne_,11/09/2018 6:10 AM,"also in the cfg of an item, by changing its base types the db will save it according to that",,
239201186933112833,da0ne_,11/09/2018 6:10 AM,so lets say a hunting bag is ContainerBase so it will save in conatiner.bin,,
356557233578049537,dr_j0nes,11/09/2018 6:10 AM,Hmmm okay,,
239201186933112833,da0ne_,11/09/2018 6:11 AM,is the CE tool out?,,
356557233578049537,dr_j0nes,11/09/2018 6:11 AM,So some types of some baseclasses are persistent,,
239201186933112833,da0ne_,11/09/2018 6:11 AM,im pretty sure with that you should be able to create a 'custom' save .bin,,
239201186933112833,da0ne_,11/09/2018 6:11 AM,my db generates a custom.bin and its always empty,,
356557233578049537,dr_j0nes,11/09/2018 6:12 AM,I would be happy if I just could spawn vehicles like the server does,,
356557233578049537,dr_j0nes,11/09/2018 6:12 AM,Then it should be persistent,,
239201186933112833,da0ne_,11/09/2018 6:12 AM,just add them to the types xml,,
239201186933112833,da0ne_,11/09/2018 6:12 AM,give it a lifetime,,
239201186933112833,da0ne_,11/09/2018 6:12 AM,and let server events do the spawning,,
239201186933112833,da0ne_,11/09/2018 6:13 AM,https://gyazo.com/6bf8ed7b34c7cd9e7325c5ab06621450,,
239201186933112833,da0ne_,11/09/2018 6:13 AM,see the lifetime is 3 secs,,
239201186933112833,da0ne_,11/09/2018 6:13 AM,by default,,
356557233578049537,dr_j0nes,11/09/2018 6:14 AM,Does it also saves the gear and attachments in the vehicle?,,
239201186933112833,da0ne_,11/09/2018 6:14 AM,yes,,
239201186933112833,da0ne_,11/09/2018 6:14 AM,everything about it will save,,
239201186933112833,da0ne_,11/09/2018 6:15 AM,as long as it has a proper config for storevalues,,
356557233578049537,dr_j0nes,11/09/2018 6:15 AM,Aaah I think I get it now,,
356557233578049537,dr_j0nes,11/09/2018 6:15 AM,Butt I need to spawn it at runtime,,
356557233578049537,dr_j0nes,11/09/2018 6:16 AM,It's for the trader Mod,,
356557233578049537,dr_j0nes,11/09/2018 6:16 AM,Spawning and attachments of cars wor fine now but it gets despawned like I mentioned,,
239201186933112833,da0ne_,11/09/2018 6:18 AM,hmmm...ok well here try this...,,
356557233578049537,dr_j0nes,11/09/2018 6:18 AM,Maybe I don't  get it right xD What exactly does the XML you have mentioned,,
239201186933112833,da0ne_,11/09/2018 6:18 AM,spawn your cars via your script,,
239201186933112833,da0ne_,11/09/2018 6:18 AM,before you do that edit the db lifetime for cars,,
239201186933112833,da0ne_,11/09/2018 6:18 AM,make sure to spawn the car and cast it to its base,,
239201186933112833,da0ne_,11/09/2018 6:19 AM,it should save it,,
356557233578049537,dr_j0nes,11/09/2018 6:19 AM,But why are the cars which gets spawned by the server persistent then?,,
239201186933112833,da0ne_,11/09/2018 6:20 AM,because its configed via server events,,
239201186933112833,da0ne_,11/09/2018 6:20 AM,thats handled diffrent,,
356557233578049537,dr_j0nes,11/09/2018 6:20 AM,Hmmm okk,,
356557233578049537,dr_j0nes,11/09/2018 6:20 AM,So what exactly do you mean by DB lifetime?,,
239201186933112833,da0ne_,11/09/2018 6:20 AM,go to types.xml,,
239201186933112833,da0ne_,11/09/2018 6:21 AM,and search for 'CivilainSedan',,
356557233578049537,dr_j0nes,11/09/2018 6:21 AM,Aaaaahhhh,,
239201186933112833,da0ne_,11/09/2018 6:21 AM,or any vehicle,,
239201186933112833,da0ne_,11/09/2018 6:21 AM,and you will see the lifetime is 3 sec,,
356557233578049537,dr_j0nes,11/09/2018 6:21 AM,And standard is 3sec,,
239201186933112833,da0ne_,11/09/2018 6:21 AM,change that to whatever you wish,,
356557233578049537,dr_j0nes,11/09/2018 6:21 AM,Yess I get now what types XML does xD sry,,
239201186933112833,da0ne_,11/09/2018 6:21 AM,use google conversation to get days to sec,,
239201186933112833,da0ne_,11/09/2018 6:22 AM,make sure you delete your storage and let it regenerate again,,
356557233578049537,dr_j0nes,11/09/2018 6:22 AM,I hope they use int 64 internally,,
356557233578049537,dr_j0nes,11/09/2018 6:23 AM,And I also hope that the cars which was spawned by Event doesn't get spawned twice then :D,,
239201186933112833,da0ne_,11/09/2018 6:23 AM,lol,,
239201186933112833,da0ne_,11/09/2018 6:23 AM,will see,,
356557233578049537,dr_j0nes,11/09/2018 6:23 AM,I am already in bed now ^^,,
239201186933112833,da0ne_,11/09/2018 6:23 AM,try it in your dream üòõ,,
239201186933112833,da0ne_,11/09/2018 6:23 AM,thats what i do unfortunately ....,,
356557233578049537,dr_j0nes,11/09/2018 6:23 AM,Hmm should I get up and test it? xD,,
239201186933112833,da0ne_,11/09/2018 6:24 AM,no dude lol its not worht,,
239201186933112833,da0ne_,11/09/2018 6:24 AM,just a game,,
239201186933112833,da0ne_,11/09/2018 6:24 AM,get some rest,,
356557233578049537,dr_j0nes,11/09/2018 6:24 AM,Yeah you are right xD,,
356557233578049537,dr_j0nes,11/09/2018 6:24 AM,Alright thank you for that!! :),,üëç (1)
356557233578049537,dr_j0nes,11/09/2018 6:24 AM,I will let you know if it has worked tomorrow,,
356557233578049537,dr_j0nes,11/09/2018 6:27 AM,"One question.. in the types xml can I also use base classes, so I don't have to redo the process when new cars get added?",,
239201186933112833,da0ne_,11/09/2018 6:27 AM,hmm im not sure,,
239201186933112833,da0ne_,11/09/2018 6:27 AM,i dont think so,,
356557233578049537,dr_j0nes,11/09/2018 6:28 AM,Alright thanks again ;),,
148370724900306944,jacob_mango,11/09/2018 6:56 AM,"`GetGame().GetWorld().SetDate( data.param1, data.param2, data.param3, data.param4, data.param5 );` no longer works on the client it seems üò¶",,
135355238990348288,djctavia,11/09/2018 6:57 AM,"GetGame().GetWorld().SetDate(m_year, m_month, m_day, hours, minutes);",,
135355238990348288,djctavia,11/09/2018 6:58 AM,That work on server for sure üòÇ,,
148370724900306944,jacob_mango,11/09/2018 7:00 AM,"```csharp
    vector dir = GetGame().GetPointerDirection();

    vector from = GetGame().GetCurrentCameraPosition();

    vector to = from + ( dir * 10000 );
```

@DaOne(Mark)",,
239201186933112833,da0ne_,11/09/2018 7:01 AM,ty,,
135355238990348288,djctavia,11/09/2018 7:06 AM,Is that possible to return fixed size array with enfusion ? Or I need to create memory for that array ?,,
239201186933112833,da0ne_,11/09/2018 7:06 AM,a static array you mean?,,
239201186933112833,da0ne_,11/09/2018 7:06 AM,yea its possible,,
135355238990348288,djctavia,11/09/2018 7:07 AM,"Hum, like an array of size 2, and always return an array of size 2. I'm use to C language, but don't know if that different with Enfusion",,
239201186933112833,da0ne_,11/09/2018 7:10 AM,try i guess üòõ,,
456226577798135808,Deleted User,11/09/2018 8:28 AM,@Deleted User,,
456226577798135808,Deleted User,11/09/2018 8:28 AM,Does your daone tools work?,,
456226577798135808,Deleted User,11/09/2018 8:41 AM,@Deleted User,,
456226577798135808,Deleted User,11/09/2018 8:41 AM,yes,,
456226577798135808,Deleted User,11/09/2018 8:44 AM,Sadly mine doesnt.,,
456226577798135808,Deleted User,11/09/2018 8:49 AM,Did you set your admin guid # inside the admintools.c file?,,
456226577798135808,Deleted User,11/09/2018 8:52 AM,Ofc,,
456226577798135808,Deleted User,11/09/2018 10:19 AM,Idk =/,,
456226577798135808,Deleted User,11/09/2018 10:19 AM,Anyone know how to increase weight cap?,,
135355238990348288,djctavia,11/09/2018 10:22 AM,"There is a constant in PlayerBase, you should be abble to edit it, that called: ""OVERLOAD_LIMIT""",,
456226577798135808,Deleted User,11/09/2018 10:23 AM,Where was the PlayerBase again?,,
135355238990348288,djctavia,11/09/2018 10:24 AM,4_world/entities/manbase,,
456226577798135808,Deleted User,11/09/2018 10:24 AM,Wow the overload limit default is 30000?,,
456226577798135808,Deleted User,11/09/2018 10:25 AM,Wtf kind of number choice was this xD,,
135355238990348288,djctavia,11/09/2018 10:27 AM,"I think that like 300Kg in theory, but I'm not so sure",,
135355238990348288,djctavia,11/09/2018 10:33 AM,"Is anybody know how to create a command like: ""#login myword"" ? I've searched in files, but I found nothing, I though about text widget, but maybe there is an easier solution ?",,
295660175237447691,sentepu,11/09/2018 10:48 AM,"ATM, you need to be logged for chat to be readed by server so whats the point ?",,
295660175237447691,sentepu,11/09/2018 10:49 AM,"@Deleted User @Deleted User no its doesnt, file read doesnt work youll need to add manually your steamIDs",,
135355238990348288,djctavia,11/09/2018 10:53 AM,"Create in game command for admin usages, example spawn a car through command line, not panel",,
295660175237447691,sentepu,11/09/2018 10:59 AM,"daone already made one <https://github.com/da0ne/DZMods> check the admin tool, i just steal this file and add it to my mission",,
132457748645412864,pein.,11/09/2018 10:59 AM,"Its broken like fuck right now. Wouldnt recommend to use currently, let him update it first",,
132457748645412864,pein.,11/09/2018 10:59 AM,All the filehandlers are ruined atm.,,
132457748645412864,pein.,11/09/2018 11:00 AM,Im attempting a fix on my end for him.,,
295660175237447691,sentepu,11/09/2018 11:00 AM,"for testing just `Insert` your ID into the array, this should work",,
295660175237447691,sentepu,11/09/2018 11:01 AM,ive posted my way of using it solo check for a screen from me here,,
135355238990348288,djctavia,11/09/2018 11:05 AM,"Nice Sen, thx",,
456226577798135808,Deleted User,11/09/2018 11:17 AM,"is it necessary to put ""@"" in mod dir name?",,
456226577798135808,Deleted User,11/09/2018 11:22 AM,,https://cdn.discordapp.com/attachments/492295576470290433/510398784262635531/unknown.png,
132457748645412864,pein.,11/09/2018 11:27 AM,No it isnt but its good practice.,,
132457748645412864,pein.,11/09/2018 11:27 AM,Also how do you not have scripter rank???,,
456226577798135808,Deleted User,11/09/2018 11:28 AM,@pein me?,,
132457748645412864,pein.,11/09/2018 11:29 AM,Yeah,,
456226577798135808,Deleted User,11/09/2018 11:29 AM,They didn't check #verify_old for long time,,
132457748645412864,pein.,11/09/2018 11:29 AM,You literally made one of the mod popular mods Airdrop? üòÇ,,
456226577798135808,Deleted User,11/09/2018 11:29 AM,yes xD,,
132457748645412864,pein.,11/09/2018 11:29 AM,No words lol,,
456226577798135808,Deleted User,11/09/2018 11:34 AM,How do you add your guid 64id to array on daone tool? It does not read the txt file.,,
295660175237447691,sentepu,11/09/2018 11:34 AM,@Deleted User did you fix it ? it was popular but non working :/,,
456226577798135808,Deleted User,11/09/2018 11:35 AM,i guess it still works but the chat messages don't work,,
456226577798135808,Deleted User,11/09/2018 11:35 AM,@pein i got it xD,,
295660175237447691,sentepu,11/09/2018 11:35 AM,hum ok it just do one airdrop then never launch again thats why i use betterairdrop now,,
132457748645412864,pein.,11/09/2018 11:37 AM,BetterAirdrop is literally better but that doesnt mean Airdrop wasnt the founding father and that should be respected.,,
132457748645412864,pein.,11/09/2018 11:37 AM,Considering it was one if not the first real mod.,,
295660175237447691,sentepu,11/09/2018 11:38 AM,totally agree since the mooving  (and simulate fall i think) look a lot like a copy paste,,
456226577798135808,Deleted User,11/09/2018 11:38 AM,@here,https://cdn.discordapp.com/attachments/492295576470290433/510402802250678273/unknown.png,
295660175237447691,sentepu,11/09/2018 11:43 AM,are you really the same guy tho ? lol,,
295660175237447691,sentepu,11/09/2018 11:43 AM,error is pretty self explanatory,,
295660175237447691,sentepu,11/09/2018 11:45 AM,+ for UI id use the workbench for sure,,
456226577798135808,Deleted User,11/09/2018 11:45 AM,"@Sen i don't see the error, maybe i am blind",,
456226577798135808,Deleted User,11/09/2018 11:46 AM,"@Sen nah, i don't want to edit layouts",,
295660175237447691,sentepu,11/09/2018 11:46 AM,it tells you DisplayStatus doesnt exist because it doesnt exist,,
142181979905982464,dannydog,11/09/2018 11:46 AM,displaystatus has been renamed to virtualhud,,
295660175237447691,sentepu,11/09/2018 11:47 AM,yup inside displaystatus.c file is `class VirtualHub`,,
106435033203482624,kerkkoh,11/09/2018 11:47 AM,Did you guys get the file read/write to work?,,
456226577798135808,Deleted User,11/09/2018 11:47 AM,k,,
295660175237447691,sentepu,11/09/2018 11:47 AM,cant fix it kerk,,
142181979905982464,dannydog,11/09/2018 11:47 AM,nah its broken mate,,üò¢ (1)
106435033203482624,kerkkoh,11/09/2018 11:47 AM,god daaamn iiit. Let's hope they fix it today and also push out the workshop mods fix,,
295660175237447691,sentepu,11/09/2018 11:48 AM,@Deleted User do you have the dta/script unpbo ?,,
456226577798135808,Deleted User,11/09/2018 11:48 AM,https://github.com/mov3ax/dayz-scripts/,,
456226577798135808,Deleted User,11/09/2018 11:48 AM,here,,
295660175237447691,sentepu,11/09/2018 11:48 AM,in your editor add this folder to your project,,
295660175237447691,sentepu,11/09/2018 11:48 AM,and ctrl+f the shit out of it,,
295660175237447691,sentepu,11/09/2018 11:50 AM,your repo is not up to date,,
456226577798135808,Deleted User,11/09/2018 11:52 AM,i have updated it yesterday,,
295660175237447691,sentepu,11/09/2018 11:54 AM,,https://cdn.discordapp.com/attachments/492295576470290433/510406847954550784/unknown.png,
295660175237447691,sentepu,11/09/2018 11:55 AM,oh,,
295660175237447691,sentepu,11/09/2018 11:55 AM,you just copy past folder,,
295660175237447691,sentepu,11/09/2018 11:55 AM,thats why :d,,
295660175237447691,sentepu,11/09/2018 11:55 AM,you need to delete et replace,,
456226577798135808,Deleted User,11/09/2018 11:55 AM,https://github.com/mov3ax/dayz-scripts/blob/4f686b681bb7c5b680c142c3d55b8906d611dd16/scripts/4_World/Classes/VirtualHud/DisplayStatus.c#L20,,
456226577798135808,Deleted User,11/09/2018 11:55 AM,there it is,,
295660175237447691,sentepu,11/09/2018 11:56 AM,"yup saw that, read above you have a fucked repo tracking :/",,
295660175237447691,sentepu,11/09/2018 11:57 AM,use dannydog one seems he delete / replace properly,,
456226577798135808,Deleted User,11/09/2018 11:57 AM,"i don't know why, github desktop app is shit",,
295660175237447691,sentepu,11/09/2018 11:58 AM,"dont think its git fault just a simple fail from you :D, but ye go away this shit. use git bash",,
456226577798135808,Deleted User,11/09/2018 11:59 AM,i don't think so,https://cdn.discordapp.com/attachments/492295576470290433/510408073576316929/unknown.png,
295660175237447691,sentepu,11/09/2018 11:59 AM,what am i suppose to see here ?,,
295660175237447691,sentepu,11/09/2018 12:00 PM,"tried it once, fucked my test, uninstall and go back to cli üòÑ",,
167370568893464576,0x346e3730,11/09/2018 12:01 PM,"Who don't use CLI, that is the real question",,
295660175237447691,sentepu,11/09/2018 12:02 PM,problem with this shit is you dont know what to do traduction is bad and some button does behind the scene bad cli cmds so ye RUN,,
295660175237447691,sentepu,11/09/2018 12:03 PM,well if you dont spend a few month using it every day @0x346e3730  you use tower and things like that,,
295660175237447691,sentepu,11/09/2018 12:03 PM,its okayish for some guys,,
456226577798135808,Deleted User,11/09/2018 12:09 PM,There we go,https://cdn.discordapp.com/attachments/492295576470290433/510410698216439808/unknown.png,
456226577798135808,Deleted User,11/09/2018 12:10 PM,finally got it working,,
295660175237447691,sentepu,11/09/2018 12:10 PM,\o/,,
295660175237447691,sentepu,11/09/2018 12:10 PM,and what were you trying ?,,
295660175237447691,sentepu,11/09/2018 12:10 PM,oh the green color ?,,
456226577798135808,Deleted User,11/09/2018 12:10 PM,yep,,üëç (1)
456226577798135808,Deleted User,11/09/2018 12:11 PM,now i understand the logic behind scripts in pbo,,
456226577798135808,Deleted User,11/09/2018 12:15 PM,"m_DeleteTimer.Run( 0.05 , this, ""OnDeleteThis"", NULL, false);

what does ""false"" parameter?",,
456226577798135808,Deleted User,11/09/2018 12:15 PM,is it for loop?,,
167370568893464576,0x346e3730,11/09/2018 12:15 PM,yes,,
295660175237447691,sentepu,11/09/2018 12:16 PM,thats where my ` ctrl+f the shit out of it` come in handy üòÑ,,
132457748645412864,pein.,11/09/2018 12:16 PM,@Deleted User for the love of god do that for all the icons and help us all out üòÇ,,
456226577798135808,Deleted User,11/09/2018 12:17 PM,i have done it in offline some time ago,,
456226577798135808,Deleted User,11/09/2018 12:17 PM,now i just have to make put these scripts in mod,,
456226577798135808,Deleted User,11/09/2018 12:17 PM,so wait,,
132457748645412864,pein.,11/09/2018 12:17 PM,Yessssss,,
456226577798135808,Deleted User,11/09/2018 12:17 PM,i will upload it today to workshop,,
132457748645412864,pein.,11/09/2018 12:17 PM,Yes please!,,
456226577798135808,Deleted User,11/09/2018 12:33 PM,,https://cdn.discordapp.com/attachments/492295576470290433/510416699237859348/unknown.png,
456226577798135808,Deleted User,11/09/2018 12:34 PM,CMON,https://cdn.discordapp.com/attachments/492295576470290433/510416833707245568/unknown.png,
132457748645412864,pein.,11/09/2018 12:34 PM,üò≠,,
132457748645412864,pein.,11/09/2018 12:35 PM,RIP DayZ cans.,,
456226577798135808,Deleted User,11/09/2018 12:35 PM,rip everything,,
132457748645412864,pein.,11/09/2018 12:35 PM,In before they remove cans completely because they dont know how to fix it.,,
456226577798135808,Deleted User,11/09/2018 12:35 PM,why the fk they roll update to stable without testing one of main feature?,,
132457748645412864,pein.,11/09/2018 12:35 PM,No clue mate.,,
132457748645412864,pein.,11/09/2018 12:35 PM,Im not a game developer so couldnt tell you.,,
132457748645412864,pein.,11/09/2018 12:35 PM,But its beyond aggrovating.,,
456226577798135808,Deleted User,11/09/2018 12:36 PM,the fk devs dayz online is growing rn and they broke the game,,
132457748645412864,pein.,11/09/2018 12:36 PM,If they want to kill the game then this is how you do it xD,,
456226577798135808,Deleted User,11/09/2018 12:36 PM,yes,,
456226577798135808,Deleted User,11/09/2018 12:36 PM,it was best idea to broke game before weekend,,
295660175237447691,sentepu,11/09/2018 12:37 PM,"they just fucked openfile function, looks like a fucked merge more than anything to me, too big to be not noticed in qa",,
106435033203482624,kerkkoh,11/09/2018 12:42 PM,Is there any moddable class that can run some code right when the game opens up?,,
295660175237447691,sentepu,11/09/2018 12:42 PM,like game ?,,
456226577798135808,Deleted User,11/09/2018 12:42 PM,game or mission,,
106435033203482624,kerkkoh,11/09/2018 12:42 PM,"I don't think game's moddable, or is it?",,
456226577798135808,Deleted User,11/09/2018 12:42 PM,void main()?,,
106435033203482624,kerkkoh,11/09/2018 12:43 PM,I remember some of the classes being protedted from being moddable,,
295660175237447691,sentepu,11/09/2018 12:43 PM,didnt test maybe,,
456226577798135808,Deleted User,11/09/2018 12:43 PM,you can mod it,,
295660175237447691,sentepu,11/09/2018 12:43 PM,jsut mod missionServer,,
456226577798135808,Deleted User,11/09/2018 12:43 PM,even if it have protected values,,
106435033203482624,kerkkoh,11/09/2018 12:43 PM,No I mean it can not be modded with `modded class CGame`,,
295660175237447691,sentepu,11/09/2018 12:44 PM,if it does not try `DayZGame`,,
106435033203482624,kerkkoh,11/09/2018 12:44 PM,And `LoadingScreen` probably works too,,
456226577798135808,Deleted User,11/09/2018 1:02 PM,@pein should i add Hypothermic/Hyperthermic in that mod or i should separate it to another mod?,,
295660175237447691,sentepu,11/09/2018 1:03 PM,you talking about the green color mod ? go full rainbow on it bro ! do everything in one (well everything status bar related ofc),,
456226577798135808,Deleted User,11/09/2018 1:03 PM,i mean side effects,,
132457748645412864,pein.,11/09/2018 1:04 PM,Ermmm id put it in other mods.,,
132457748645412864,pein.,11/09/2018 1:04 PM,Because we both know those stats are going to be large af.,,
295660175237447691,sentepu,11/09/2018 1:06 PM,"good question then, mod compat will be a bitch",,
295660175237447691,sentepu,11/09/2018 1:06 PM,same ill do a different one,,
295660175237447691,sentepu,11/09/2018 1:06 PM,color status mod can be easily plugged in i think,,
239201186933112833,da0ne_,11/09/2018 1:09 PM,@Kerkkoh what are you attempting to accomplish,,
456226577798135808,Deleted User,11/09/2018 1:13 PM,,https://cdn.discordapp.com/attachments/492295576470290433/510426614912253962/unknown.png,
334756290742190081,._corey,11/09/2018 1:13 PM,"CGame is not moddable as far as i know,but DayZGame is",,
295660175237447691,sentepu,11/09/2018 1:16 PM,@Deleted User id keep the pastel colors used and play with grade of greens and reds,,
456226577798135808,Deleted User,11/09/2018 1:17 PM,What about this one?,https://cdn.discordapp.com/attachments/492295576470290433/510427806690181131/unknown.png,
132457748645412864,pein.,11/09/2018 1:18 PM,Yeah do it!!!,,
295660175237447691,sentepu,11/09/2018 1:19 PM,"left is good, right seems a bit flashy but need to test",,
132457748645412864,pein.,11/09/2018 1:22 PM,I prefer left personally but hell give us the rainbow!,,
456226577798135808,Deleted User,11/09/2018 1:26 PM,"@Sen health icons using old color just green 255, the thirst and hunger icon uses the new one",https://cdn.discordapp.com/attachments/492295576470290433/510429883680292874/unknown.png,"üëç (2),‚ù§ (2)"
456226577798135808,Deleted User,11/09/2018 1:26 PM,*they using that right color,,
456226577798135808,Deleted User,11/09/2018 1:27 PM,@pein what you mean by that,,
132457748645412864,pein.,11/09/2018 1:27 PM,Oh well it was a skittles joke...,,
456226577798135808,Deleted User,11/09/2018 1:27 PM,6ix9ine health indicator,,
456226577798135808,Deleted User,11/09/2018 1:27 PM,hmm,,
132457748645412864,pein.,11/09/2018 1:27 PM,üòÇ,,
132457748645412864,pein.,11/09/2018 1:27 PM,Pretty much.,,
456226577798135808,Deleted User,11/09/2018 1:28 PM,"id keep this one color for Hydrated, and old one for Completely Hydrated",https://cdn.discordapp.com/attachments/492295576470290433/510430497977925632/unknown.png,
456226577798135808,Deleted User,11/09/2018 1:51 PM,@Deleted User looks awesome üòé,,
156186845531734017,mainecracka,11/09/2018 2:00 PM,i just got a server through g-portal and was wondering if someone might be able to help me with adjusting the stamina and spawning in with items,,
135355238990348288,djctavia,11/09/2018 3:36 PM,"Please make the UI fast for ancient UI of DayZ Mod ‚ù§ (Not very useful message, but need it lmao )",,
334756290742190081,._corey,11/09/2018 3:42 PM,,https://cdn.discordapp.com/attachments/492295576470290433/510464159171739658/unknown.png,
334756290742190081,._corey,11/09/2018 3:42 PM,its snowing,,
334756290742190081,._corey,11/09/2018 3:43 PM,but upwards  ü§î,,
167370568893464576,0x346e3730,11/09/2018 3:52 PM,Illuminati,,
334756290742190081,._corey,11/09/2018 3:53 PM,"i guess, since i have an illuminati shirt in game, maybe i caught their attention",,
334756290742190081,._corey,11/09/2018 3:53 PM,that's a sign oh my god i'm deleting the game,,
414516422656393216,DJ_TAPOUT#7252,11/09/2018 4:41 PM,"Still not able to get stamina to turn off using this `void UpdateGodMode()
    {
        for ( int i = 0; i < m_GodModePlayers.Count(); i++ )
        {
            PlayerBase player = m_GodModePlayers.Get( i );
            
            player.GetStaminaHandler().SyncStamina(1000, 1000);
            player.GetStatStamina().Set(player.GetStaminaHandler().GetStaminaCap());
        }
    }`",,
414516422656393216,DJ_TAPOUT#7252,11/09/2018 4:41 PM,any help would be great,,
135355238990348288,djctavia,11/09/2018 5:17 PM,"Ah, first you need to know max cap of stamina is ""100"", you find it in constants.c; you could trick class PlayerStats with: 
```
""RegisterStat(EPlayerStats.STAMINA, new PlayerStat<float>(0, STAMINA_MAX, 100, ""Stamina"", EPSstatsFlags.EMPTY) );""
```
that the default called method in ""Init"" of class PlayerStats. btw. I think you only need ""SyncStamina"", cause that sync server and client, maybe I'm wrong, but you can keep trying",,
135355238990348288,djctavia,11/09/2018 5:22 PM,"Another way, could be to reuse:
```m_StaminaHandler = new StaminaHandler(this);```
Only cause that will create a new ""clean"" Stamina handler, and that should trick it, by setting everything by default, but that need to be call every X time",,
135355238990348288,djctavia,11/09/2018 5:29 PM,"Another easier solution, but need to be a mod; Modding StaminaHandler
- Add a boolean m_isGodMod
- Overriding DepleteStamina for:
```
if (m_isGodMod)
    return;
float val = 0.0;
StaminaModifier sm = m_StaminaModifiers.GetModifierData(modifier);

//! select by modifier type and drain stamina
switch (sm.GetType())
{
    case m_StaminaModifiers.FIXED:
        m_StaminaDepletion = m_StaminaDepletion + sm.GetMaxValue();
        break;
    case m_StaminaModifiers.RANDOMIZED:
        val = Math.RandomFloat(sm.GetMinValue(), sm.GetMaxValue());
        m_StaminaDepletion = m_StaminaDepletion + val;
        break;
}

 //! run cooldown right after depletion
SetCooldown(STAMINA_REGEN_COOLDOWN_DEPLETION);
m_StaminaDepletion = Math.Clamp(m_StaminaDepletion, 0, STAMINA_MAX);
```
- And add a method for setting god mod or not.",,
356557233578049537,dr_j0nes,11/09/2018 5:29 PM,@Kerkkoh  is filehandle still broken?,,
132457748645412864,pein.,11/09/2018 5:34 PM,Id like to know that too,,
106435033203482624,kerkkoh,11/09/2018 5:37 PM,@Dr_J0nes Reading works. Writing doesn't. They only pushed the reading fix because it being broken broke the crafting system as we speculated.,,
356557233578049537,dr_j0nes,11/09/2018 5:44 PM,Ah nice I wrote them that it may caused the receipts bug ^^,,
356557233578049537,dr_j0nes,11/09/2018 5:44 PM,So you are still using FileHandle with OpenFile?,,
106435033203482624,kerkkoh,11/09/2018 5:45 PM,Yup,,
356557233578049537,dr_j0nes,11/09/2018 5:45 PM,Niceeee,,
106435033203482624,kerkkoh,11/09/2018 5:45 PM,I didn't have to change anything,,
356557233578049537,dr_j0nes,11/09/2018 5:46 PM,"I had made a uodate Rollback yesterday to the latest version, so I can work on my script ^^ so now I can update :)",,
106435033203482624,kerkkoh,11/09/2018 5:46 PM,Still can't save stuff sadly :/,,
356557233578049537,dr_j0nes,11/09/2018 5:47 PM,I don't use saving so it doesn't matter to me but it's awfull :(,,
356557233578049537,dr_j0nes,11/09/2018 5:47 PM,You can also rollback to a previous update if you want to work on your scripts,,
356557233578049537,dr_j0nes,11/09/2018 5:48 PM,If you want to just send me message,,
106435033203482624,kerkkoh,11/09/2018 5:49 PM,"I don't think I'll be working on anything for the time being. Will just have to wait for them to fix this stuff. Or more like, hope that they actually fix it.",,
356557233578049537,dr_j0nes,11/09/2018 5:53 PM,But if you don't want to wait you know who you have to ask ;),,üëç (1)
107560637399306240,cooltrain,11/09/2018 6:03 PM,I take it the errors part of the script editor doesn't work or am I just being stupid?,,
107560637399306240,cooltrain,11/09/2018 6:04 PM,Becuse its flagged an issue on a line but its not actaully saying what it is,,
334756290742190081,._corey,11/09/2018 6:21 PM,It is working,,
334756290742190081,._corey,11/09/2018 6:21 PM,Show me the line,,
107560637399306240,cooltrain,11/09/2018 6:33 PM,"I don't have a problem with an error, I just wanted to know where it lists the reason for the error",,
334756290742190081,._corey,11/09/2018 6:35 PM,bottom left corner?,,
334756290742190081,._corey,11/09/2018 6:35 PM,it should show you warnings errors etc,,
103599795305725952,lasyen,11/09/2018 6:35 PM,@Deleted User can i be a bastard and ask for a Hydrated reskin to this? ‚ù§,https://cdn.discordapp.com/attachments/492295576470290433/510507726498168839/0e5fca06a029833afc4afbfa64d3fd69.png,
107560637399306240,cooltrain,11/09/2018 6:35 PM,thats what I mean its just blank,,
456226577798135808,Deleted User,11/09/2018 6:35 PM,lmao,,
456226577798135808,Deleted User,11/09/2018 6:36 PM,maybe latter,,
334756290742190081,._corey,11/09/2018 6:36 PM,then how do you know there is an error?,,
230061386888118273,.thurston,11/09/2018 6:37 PM,Are we even allowed to bring the DayZ Mod HUD into SA?,,
107560637399306240,cooltrain,11/09/2018 6:37 PM,becuse it shows it next to the line,,
456226577798135808,Deleted User,11/09/2018 6:37 PM,"now i all day trying to figure out why the fk the mod don't work with the dayz launcher at all while other mods works for me, but my mod is woking if i launch it manually without launcher",,
230061386888118273,.thurston,11/09/2018 6:37 PM,"@Deleted User is it in the root folder, or the !workshop folder?",,
334756290742190081,._corey,11/09/2018 6:39 PM,is it a red dot? @Cooltrain,,
107560637399306240,cooltrain,11/09/2018 6:39 PM,no thats a breakpoint,,
107560637399306240,cooltrain,11/09/2018 6:39 PM,its an error,,
334756290742190081,._corey,11/09/2018 6:39 PM,alright just wanted to make sure,,
334756290742190081,._corey,11/09/2018 6:39 PM,well,,
334756290742190081,._corey,11/09/2018 6:40 PM,press f7,,
334756290742190081,._corey,11/09/2018 6:40 PM,if it compiles then there is no error,,
456226577798135808,Deleted User,11/09/2018 6:40 PM,"@thurston when i launch it manually using .bat the mod is in dayz root, when i launch it using launcher it is in !workshop folder",,
230061386888118273,.thurston,11/09/2018 6:40 PM,"@Deleted User launching from the !workshop folder is currently broken, any time you launch a mod it has to be in root",,
456226577798135808,Deleted User,11/09/2018 6:41 PM,but may i ask why mods like Sandbox by Sumrak works in !workshop folder,,
295660175237447691,sentepu,11/09/2018 6:41 PM,only scripts are fucked by workshop no ?,,
106435033203482624,kerkkoh,11/09/2018 6:42 PM,Haven't tested that,,
456226577798135808,Deleted User,11/09/2018 6:42 PM,i don't know,,
456226577798135808,Deleted User,11/09/2018 6:43 PM,but mod of my friend,,
456226577798135808,Deleted User,11/09/2018 6:43 PM,for night vision,,
456226577798135808,Deleted User,11/09/2018 6:43 PM,is a script mod,,
456226577798135808,Deleted User,11/09/2018 6:43 PM,and it works,,
295660175237447691,sentepu,11/09/2018 6:43 PM,then ask him since he would be the only one afaik,,
456226577798135808,Deleted User,11/09/2018 6:44 PM,he don't know why it don't work for me,,
334756290742190081,._corey,11/09/2018 6:44 PM,and what if multiple addons overwrite / mod the same class same functions?,,
295660175237447691,sentepu,11/09/2018 6:44 PM,thats mystery yet,,
456226577798135808,Deleted User,11/09/2018 6:44 PM,i use only one mod,,
295660175237447691,sentepu,11/09/2018 6:44 PM,link mod mov3ax plz,,
334756290742190081,._corey,11/09/2018 6:45 PM,i think interactions are dead as well,,
334756290742190081,._corey,11/09/2018 6:45 PM,did anyone test?,,
456226577798135808,Deleted User,11/09/2018 6:45 PM,didn't they fix it?,,
334756290742190081,._corey,11/09/2018 6:45 PM,i had working custom actions on items and they're not working anymore,,
456226577798135808,Deleted User,11/09/2018 6:47 PM,"but i don't understand why the fk scripts shouldn't work, the launcher just add -mod= parameter",,
456226577798135808,Deleted User,11/09/2018 6:48 PM,so if i add the -mod= parameter manually then it works,,
295660175237447691,sentepu,11/09/2018 6:48 PM,fk ? you sure your friend mod is scripts and not just configs ?,,
456226577798135808,Deleted User,11/09/2018 6:48 PM,@Sen he have radial menu for emotions,,
295660175237447691,sentepu,11/09/2018 6:48 PM,link ?,,
456226577798135808,Deleted User,11/09/2018 6:48 PM,i am pretty much sure that is scripted,,
456226577798135808,Deleted User,11/09/2018 6:49 PM,https://steamcommunity.com/sharedfiles/filedetails/?id=1560235670&searchtext=,,
456226577798135808,Deleted User,11/09/2018 6:49 PM,"he currently busy so i he did not answer me yet, is he using scripts or not",,
239201186933112833,da0ne_,11/09/2018 6:49 PM,"anyone know why this wont work: ```
bool UseMouse()    {
        return true;
    }

    bool UseKeyboard()    {
        return true;
    }
```",,ü§î (1)
239201186933112833,da0ne_,11/09/2018 6:50 PM,"i tried to use it in my UI, does nothing",,
456226577798135808,Deleted User,11/09/2018 6:50 PM,@DaOne(Mark) what are you trying to do,,
239201186933112833,da0ne_,11/09/2018 6:50 PM,this used to work fine in 61>62,,
334756290742190081,._corey,11/09/2018 6:50 PM,try override,,
239201186933112833,da0ne_,11/09/2018 6:50 PM,what the fuck did they do,,
239201186933112833,da0ne_,11/09/2018 6:50 PM,i did,,
239201186933112833,da0ne_,11/09/2018 6:50 PM,seems like an menu ID issue,,
239201186933112833,da0ne_,11/09/2018 6:51 PM,the function does know that the menu is up,,
334756290742190081,._corey,11/09/2018 6:51 PM,menu ID has nothing to do with that i think,,
239201186933112833,da0ne_,11/09/2018 6:51 PM,"event thought i have a constant for it, its configed n all",,
334756290742190081,._corey,11/09/2018 6:51 PM,it just instantiates the menu the same way you would do manually,,
239201186933112833,da0ne_,11/09/2018 6:51 PM,"it does, beacsue other shit does not work",,
456226577798135808,Deleted User,11/09/2018 6:51 PM,"@Sen what about ""@"" in folder name",,
239201186933112833,da0ne_,11/09/2018 6:51 PM,game thinks i dont have anything opened,,
456226577798135808,Deleted User,11/09/2018 6:51 PM,i have that,,
107560637399306240,cooltrain,11/09/2018 6:51 PM,Has anyone messed with adding new actions?,,
334756290742190081,._corey,11/09/2018 6:51 PM,i did,,
334756290742190081,._corey,11/09/2018 6:51 PM,not working,,
334756290742190081,._corey,11/09/2018 6:51 PM,it was working before,,
334756290742190081,._corey,11/09/2018 6:52 PM,"before update, now it does not",,
107560637399306240,cooltrain,11/09/2018 6:52 PM,if possible can I see an example?,,
334756290742190081,._corey,11/09/2018 6:52 PM,but still working on a new solution,,
295660175237447691,sentepu,11/09/2018 6:52 PM,@Kegan lost some hair about his script part of the mod not working he tried a lot of shit with @ iirc,,
334756290742190081,._corey,11/09/2018 6:52 PM,what is iirc,,
295660175237447691,sentepu,11/09/2018 6:52 PM,if i remember correctly,,
334756290742190081,._corey,11/09/2018 6:52 PM,aah okay,,
334756290742190081,._corey,11/09/2018 6:52 PM,never saw that before,,
241370201222938626,kegan.eth,11/09/2018 6:53 PM,@ symbol is fucked now,,
456226577798135808,Deleted User,11/09/2018 6:53 PM,Devs didn't even let us fix game for them,,
241370201222938626,kegan.eth,11/09/2018 6:53 PM,1) Do not dev test with launcher or workshop,,
241370201222938626,kegan.eth,11/09/2018 6:53 PM,both are so beyond broken its worthless,,
241370201222938626,kegan.eth,11/09/2018 6:54 PM,name your mod folder @MODNAME,,
241370201222938626,kegan.eth,11/09/2018 6:54 PM,then in the mod.cpp,,
241370201222938626,kegan.eth,11/09/2018 6:54 PM,the class name should be MODNAME,,
241370201222938626,kegan.eth,11/09/2018 6:54 PM,and the dir should be,,
241370201222938626,kegan.eth,11/09/2018 6:54 PM,"dir=""MODNAME""",,
241370201222938626,kegan.eth,11/09/2018 6:54 PM,so no @ symbol in the mod.cpp,,
241370201222938626,kegan.eth,11/09/2018 6:54 PM,this worked for br,,
456226577798135808,Deleted User,11/09/2018 6:54 PM,i don't have that in mod.cpp,,
456226577798135808,Deleted User,11/09/2018 6:54 PM,,https://cdn.discordapp.com/attachments/492295576470290433/510512554443931678/unknown.png,
456226577798135808,Deleted User,11/09/2018 6:54 PM,thats mine mod.cpp,,
241370201222938626,kegan.eth,11/09/2018 6:54 PM,class CfgMods,,
241370201222938626,kegan.eth,11/09/2018 6:54 PM,class MODNAME,,
241370201222938626,kegan.eth,11/09/2018 6:54 PM,so ya,,
456226577798135808,Deleted User,11/09/2018 6:54 PM,thats the folder,https://cdn.discordapp.com/attachments/492295576470290433/510512638086610976/unknown.png,
456226577798135808,Deleted User,11/09/2018 6:55 PM,thats the addon folder,https://cdn.discordapp.com/attachments/492295576470290433/510512668894036000/unknown.png,
241370201222938626,kegan.eth,11/09/2018 6:55 PM,should work 1 sec,,
241370201222938626,kegan.eth,11/09/2018 6:55 PM,can u show me your PBO prefix?,,
456226577798135808,Deleted User,11/09/2018 6:55 PM,"this works if i launch game like that

DayZ_x64.exe -mission=.\Missions\DayZCommunityOfflineMode.ChernarusPlus -nosplash -noPause -noBenchmark -scriptDebug=true -mod=@StatusIndicatorsMod",,
456226577798135808,Deleted User,11/09/2018 6:55 PM,but in dayz launcher it don't work at all,,
241370201222938626,kegan.eth,11/09/2018 6:55 PM,OHHH,,
241370201222938626,kegan.eth,11/09/2018 6:55 PM,Okay,,
241370201222938626,kegan.eth,11/09/2018 6:55 PM,so in dayz launcher,,
456226577798135808,Deleted User,11/09/2018 6:55 PM,no matter am i on server or in offline,,
241370201222938626,kegan.eth,11/09/2018 6:55 PM,you need to do it like this,,
241370201222938626,kegan.eth,11/09/2018 6:56 PM,because the launcher is so fucked it wont work any way else,,
241370201222938626,kegan.eth,11/09/2018 6:56 PM,1 sec,,
241370201222938626,kegan.eth,11/09/2018 6:56 PM,i get images,,
456226577798135808,Deleted User,11/09/2018 6:56 PM,"i tried downloading mod from workshop, adding local mod",https://cdn.discordapp.com/attachments/492295576470290433/510512998956269593/unknown.png,
241370201222938626,kegan.eth,11/09/2018 6:56 PM,Nope,,
241370201222938626,kegan.eth,11/09/2018 6:56 PM,that will not work,,
456226577798135808,Deleted User,11/09/2018 6:56 PM,i also tired put it in mod field in parameters,https://cdn.discordapp.com/attachments/492295576470290433/510513063255080961/unknown.png,
241370201222938626,kegan.eth,11/09/2018 6:56 PM,http://ss.lystic.net/Uploads/EjrZUXeF/s8JXrOBo89Sy5Fe3.png,,
241370201222938626,kegan.eth,11/09/2018 6:56 PM,example,,
456226577798135808,Deleted User,11/09/2018 6:56 PM,ok,,
456226577798135808,Deleted User,11/09/2018 6:56 PM,i will try that,,
241370201222938626,kegan.eth,11/09/2018 6:57 PM,OH,,
241370201222938626,kegan.eth,11/09/2018 6:57 PM,you can't use full path,,
241370201222938626,kegan.eth,11/09/2018 6:57 PM,You need to have the folder in the ROOT of your dayz directory,,
456226577798135808,Deleted User,11/09/2018 6:57 PM,ok,,
241370201222938626,kegan.eth,11/09/2018 6:57 PM,and just put the folder name in -mod,,
107560637399306240,cooltrain,11/09/2018 6:57 PM,I just use the mod name there ^^,,
241370201222938626,kegan.eth,11/09/2018 6:57 PM,Full path is broken as fuck,,
456226577798135808,Deleted User,11/09/2018 6:57 PM,"without ""@""",,
456226577798135808,Deleted User,11/09/2018 6:57 PM,like in your ss?,,
241370201222938626,kegan.eth,11/09/2018 6:57 PM,"no use the ""@""",,
241370201222938626,kegan.eth,11/09/2018 6:57 PM,use it,,
456226577798135808,Deleted User,11/09/2018 6:57 PM,like that?,https://cdn.discordapp.com/attachments/492295576470290433/510513358223441927/unknown.png,
241370201222938626,kegan.eth,11/09/2018 6:57 PM,my mod example didnt have it in the folder name,,
241370201222938626,kegan.eth,11/09/2018 6:57 PM,yes,,
456226577798135808,Deleted User,11/09/2018 6:57 PM,ok,,
241370201222938626,kegan.eth,11/09/2018 6:58 PM,uncheck all your mods from the mods tab,,
241370201222938626,kegan.eth,11/09/2018 6:58 PM,and try that,,
334756290742190081,._corey,11/09/2018 6:58 PM,Btw is there any way to obfuscate C code?,,
334756290742190081,._corey,11/09/2018 6:58 PM,and the pbo as well,,
241370201222938626,kegan.eth,11/09/2018 6:58 PM,Yes but this isnt C code,,
334756290742190081,._corey,11/09/2018 6:58 PM,"well, then EnScript",,
241370201222938626,kegan.eth,11/09/2018 6:58 PM,Oh in that case,,
241370201222938626,kegan.eth,11/09/2018 6:58 PM,I mean you can randomize class and function names?,,
241370201222938626,kegan.eth,11/09/2018 6:58 PM,No tools for it,,
456226577798135808,Deleted User,11/09/2018 6:58 PM,you can do crypt/decrypt gay stuff,,
334756290742190081,._corey,11/09/2018 6:58 PM,"that's not really what i mean by obfuscating, i mean fully crypting the code",,
241370201222938626,kegan.eth,11/09/2018 6:58 PM,I thought of making it but arkensor says he wants to do pbo obfuscation,,
334756290742190081,._corey,11/09/2018 6:59 PM,like maverick did in arma 3,,
241370201222938626,kegan.eth,11/09/2018 6:59 PM,mavericks version was poop,,
241370201222938626,kegan.eth,11/09/2018 6:59 PM,arkensors was the only one that wasn't cracked,,
241370201222938626,kegan.eth,11/09/2018 6:59 PM,so I'd wait for him and optix to bring their tool to dayz,,
241370201222938626,kegan.eth,11/09/2018 6:59 PM,"but ya rn, no tools for that",,
334756290742190081,._corey,11/09/2018 6:59 PM,Can you guys send me a pbo that Arkensor crypted?,,
241370201222938626,kegan.eth,11/09/2018 7:00 PM,"I don't have one, sorry",,
334756290742190081,._corey,11/09/2018 7:00 PM,because yeah you're right Mavericks one is shitty,,
334756290742190081,._corey,11/09/2018 7:00 PM,"well, if you know how it works",,
334756290742190081,._corey,11/09/2018 7:00 PM,"but its easy to unpack, so not really secure",,
241370201222938626,kegan.eth,11/09/2018 7:00 PM,Maverick updated his after arkensors came out,,
241370201222938626,kegan.eth,11/09/2018 7:00 PM,so I think he just kinda rammed it through,,
241370201222938626,kegan.eth,11/09/2018 7:00 PM,arkensors used a server authentication system to decrypt the code,,
241370201222938626,kegan.eth,11/09/2018 7:01 PM,its was genius,,
334756290742190081,._corey,11/09/2018 7:01 PM,"yeah i was thinking about that, had an idea as well",,
334756290742190081,._corey,11/09/2018 7:01 PM,i did some kind of server side encryption back in the day on GTA,,
334756290742190081,._corey,11/09/2018 7:01 PM,needed the servers permission to decrypt and load the code but wasnt readable from memory,,
241370201222938626,kegan.eth,11/09/2018 7:01 PM,Does enforce have RSA implementation exposed from their engine?,,
241370201222938626,kegan.eth,11/09/2018 7:02 PM,because that would  be sick,,
334756290742190081,._corey,11/09/2018 7:02 PM,i have no idea,,
241370201222938626,kegan.eth,11/09/2018 7:02 PM,I could store BR stats per server encrypted on the client machine,,
334756290742190081,._corey,11/09/2018 7:02 PM,I'll scan the game for encrypt related keywords,,
241370201222938626,kegan.eth,11/09/2018 7:03 PM,Im retarded,,
241370201222938626,kegan.eth,11/09/2018 7:03 PM,maverick is arkensors,,
241370201222938626,kegan.eth,11/09/2018 7:03 PM,ü§î,,
334756290742190081,._corey,11/09/2018 7:03 PM,what,,
241370201222938626,kegan.eth,11/09/2018 7:03 PM,No,,
334756290742190081,._corey,11/09/2018 7:03 PM,maverick is arkensor?,,
331467213108281345,clarky03,11/09/2018 7:03 PM,I'm sure he is,,
241370201222938626,kegan.eth,11/09/2018 7:03 PM,Yes he is,,
241370201222938626,kegan.eth,11/09/2018 7:03 PM,ü§î,,
241370201222938626,kegan.eth,11/09/2018 7:03 PM,https://obfusqf.com/pricing,,
241370201222938626,kegan.eth,11/09/2018 7:03 PM,obfusqf,,
241370201222938626,kegan.eth,11/09/2018 7:03 PM,this is what I was talking about,,
241370201222938626,kegan.eth,11/09/2018 7:03 PM,its god tier,,
334756290742190081,._corey,11/09/2018 7:04 PM,yeah i was talking about that,,
241370201222938626,kegan.eth,11/09/2018 7:04 PM,this is for a3,,
241370201222938626,kegan.eth,11/09/2018 7:04 PM,but i know they want to make a dayz one,,
241370201222938626,kegan.eth,11/09/2018 7:04 PM,so i will wait for them,,
334756290742190081,._corey,11/09/2018 7:04 PM,i sent a message to them a few weeks ago,,
334756290742190081,._corey,11/09/2018 7:04 PM,they said there is one work in progress,,
241370201222938626,kegan.eth,11/09/2018 7:04 PM,Ya i heard that when I mentioned I may make one,,
241370201222938626,kegan.eth,11/09/2018 7:04 PM,Here is all dayz needs to do for us,,
241370201222938626,kegan.eth,11/09/2018 7:04 PM,1) give us reflection tools in enforce,,
241370201222938626,kegan.eth,11/09/2018 7:05 PM,2) give us RSA encryption tools in enforce,,
241370201222938626,kegan.eth,11/09/2018 7:05 PM,and bam,,
334756290742190081,._corey,11/09/2018 7:05 PM,what do you mean by reflection tools?,,
241370201222938626,kegan.eth,11/09/2018 7:05 PM,.NET Reflection basically,,
241370201222938626,kegan.eth,11/09/2018 7:05 PM,Assembly.GetTypes(),,
241370201222938626,kegan.eth,11/09/2018 7:05 PM,Type.GetMethods(),,
456226577798135808,Deleted User,11/09/2018 7:05 PM,"@Kegan ty, now its worked",https://cdn.discordapp.com/attachments/492295576470290433/510515351394713612/unknown.png,
241370201222938626,kegan.eth,11/09/2018 7:05 PM,"@Deleted User  yep, the launcher and workshop should be updated eventually",,
241370201222938626,kegan.eth,11/09/2018 7:06 PM,but until then,,
241370201222938626,kegan.eth,11/09/2018 7:06 PM,we are all fucked,,
241370201222938626,kegan.eth,11/09/2018 7:06 PM,üòÑ,,
456226577798135808,Deleted User,11/09/2018 7:06 PM,i come at home at 12 am and only now you explained me that shit,,
456226577798135808,Deleted User,11/09/2018 7:07 PM,i was like wtf bi are doing,,
334756290742190081,._corey,11/09/2018 7:09 PM,"@Cooltrain  i was wrong, it is working",,
107560637399306240,cooltrain,11/09/2018 7:09 PM,Oh sweet,,
334756290742190081,._corey,11/09/2018 7:09 PM,,https://cdn.discordapp.com/attachments/492295576470290433/510516275416399872/unknown.png,
334756290742190081,._corey,11/09/2018 7:09 PM,just doesnt do what i wanted to do,,
334756290742190081,._corey,11/09/2018 7:09 PM,"but its working, i checked the logs",,
334756290742190081,._corey,11/09/2018 7:09 PM,"needs server and client side implementation btw, so you have to mod client / server as well",,
107560637399306240,cooltrain,11/09/2018 7:10 PM,did you just create a new action then use action constructor to reg it?,,
456226577798135808,Deleted User,11/09/2018 7:10 PM,@Corey that jacket...,,
334756290742190081,._corey,11/09/2018 7:10 PM,"well, you have to add the interaction to specific items",,
334756290742190081,._corey,11/09/2018 7:10 PM,@Deleted User what,,
334756290742190081,._corey,11/09/2018 7:10 PM,you dont like it?,,
334756290742190081,._corey,11/09/2018 7:10 PM,i fkin love it man,,
456226577798135808,Deleted User,11/09/2018 7:10 PM,its seems to bright,,
241370201222938626,kegan.eth,11/09/2018 7:10 PM,*soviet anthem grows louder in the distance*,,
334756290742190081,._corey,11/09/2018 7:10 PM,yeah it was looking better before update,,
334756290742190081,._corey,11/09/2018 7:11 PM,now its really really bright,,
334756290742190081,._corey,11/09/2018 7:11 PM,maybe because bloom,,
107560637399306240,cooltrain,11/09/2018 7:11 PM,Oh? hows the interaction done?,,
334756290742190081,._corey,11/09/2018 7:11 PM,I'll tell you soon,,
334756290742190081,._corey,11/09/2018 7:11 PM,have to stop the game etc,,
107560637399306240,cooltrain,11/09/2018 7:11 PM,sure,,
334756290742190081,._corey,11/09/2018 7:12 PM,btw have no idea why,https://cdn.discordapp.com/attachments/492295576470290433/510516996580966415/unknown.png,
334756290742190081,._corey,11/09/2018 7:12 PM,"but since update, it looks really really flat",,
334756290742190081,._corey,11/09/2018 7:13 PM,have no idea why i'm using the material from the update etc,,
456226577798135808,Deleted User,11/09/2018 7:13 PM,Anyone know if hitbox reg is fixed past 60 server slot?,,
334756290742190081,._corey,11/09/2018 7:14 PM,"so @Cooltrain if you want to add custom action to a specific objects, you need 4 files",,
295660175237447691,sentepu,11/09/2018 7:15 PM,already saw some hit reg issues reported,,
295660175237447691,sentepu,11/09/2018 7:15 PM,guess its not fixed üò¶,,
334756290742190081,._corey,11/09/2018 7:15 PM,"a config.cpp that contains your Object, ActionConstructor.C, your Action class, and the constants defined for your actions",,
107560637399306240,cooltrain,11/09/2018 7:16 PM,I take it I can skip the config if its an item already ingame,,
334756290742190081,._corey,11/09/2018 7:16 PM,you cant skip the config,,
334756290742190081,._corey,11/09/2018 7:16 PM,because you add the interaction inside the config,,
456226577798135808,Deleted User,11/09/2018 7:16 PM,"https://steamcommunity.com/sharedfiles/filedetails/?id=1560365116&searchtext= 

If anyone wants, there it is

@pein",,üëç (2)
107560637399306240,cooltrain,11/09/2018 7:16 PM,Oh so I just need to override it then,,
107560637399306240,cooltrain,11/09/2018 7:16 PM,thats fine,,
334756290742190081,._corey,11/09/2018 7:18 PM,,https://cdn.discordapp.com/attachments/492295576470290433/510518444215631883/unknown.png,
334756290742190081,._corey,11/09/2018 7:18 PM,example,,
334756290742190081,._corey,11/09/2018 7:18 PM,"SingleUseActions, are the ones, when the item is in your hand",,
334756290742190081,._corey,11/09/2018 7:18 PM,"InteractActions, is the action you see when you walk up to a door, an item on the ground etc",,
334756290742190081,._corey,11/09/2018 7:18 PM,like you see on my picture above,,
239201186933112833,da0ne_,11/09/2018 7:19 PM,nice class name,,
334756290742190081,._corey,11/09/2018 7:19 PM,thanks!,,
107560637399306240,cooltrain,11/09/2018 7:19 PM,Oh for the config,,
334756290742190081,._corey,11/09/2018 7:19 PM,yes the config,,
107560637399306240,cooltrain,11/09/2018 7:19 PM,does it need to go somewhere specific?,,
334756290742190081,._corey,11/09/2018 7:19 PM,well,,
334756290742190081,._corey,11/09/2018 7:19 PM,to the object,,
241370201222938626,kegan.eth,11/09/2018 7:20 PM,BR has continuous use actions working,,
241370201222938626,kegan.eth,11/09/2018 7:20 PM,so you can look at our source code to figure those out,,
241370201222938626,kegan.eth,11/09/2018 7:20 PM,thinks like drinks,,
334756290742190081,._corey,11/09/2018 7:20 PM,yeah thats also an other interaction that you can use,,
334756290742190081,._corey,11/09/2018 7:20 PM,i'm just showing him a simple way to add a new action so he can start fking around with it,,
241370201222938626,kegan.eth,11/09/2018 7:21 PM,Yep single use is by far the easiest,,
107560637399306240,cooltrain,11/09/2018 7:21 PM,I'm just doing it to an object already ingame,,
241370201222938626,kegan.eth,11/09/2018 7:21 PM,took me hours to just figure out how continuous actions were integrated,,
334756290742190081,._corey,11/09/2018 7:21 PM,it's same as interact,,
334756290742190081,._corey,11/09/2018 7:21 PM,i mean single one is same as interact,,
107560637399306240,cooltrain,11/09/2018 7:21 PM,do I need to include the object again to add an interact for it?,,
334756290742190081,._corey,11/09/2018 7:22 PM,"well, i have no idea how modding works in arma / dayz",,
334756290742190081,._corey,11/09/2018 7:22 PM,but what if you redefine the same function?,,
334756290742190081,._corey,11/09/2018 7:22 PM,i think you should be able to do that,,
334756290742190081,._corey,11/09/2018 7:23 PM,"but hey, uhm gimme a sec",,
334756290742190081,._corey,11/09/2018 7:23 PM,"class Bummbam: Inventory_Base
    {
        scope = 2;
        displayName = ""Test"";
        descriptionShort = ""Item"";
        model = ""\dz\gear\radio\Base_radio_station_g.p3d"";
        itemSize[] = {1,1};
        InteractActions[] = {666};
    };",,
334756290742190081,._corey,11/09/2018 7:23 PM,add this to your config.cpp,,
334756290742190081,._corey,11/09/2018 7:24 PM,inside class CfgVehicles,,
334756290742190081,._corey,11/09/2018 7:24 PM,"by this, you will have an item ingame, that contains the action id 666",,
334756290742190081,._corey,11/09/2018 7:25 PM,"after that, create a .c in 4_World  (4_World\Classes\UserActionsComponent\_constants if you wanna keep it organized)",,
334756290742190081,._corey,11/09/2018 7:26 PM,"inside that c, you define a constant for your action, can be named anything",,
334756290742190081,._corey,11/09/2018 7:26 PM,const int COREY_ACTION            = 666;,,
456226577798135808,Deleted User,11/09/2018 7:26 PM,since daone tool admin.txt is broken how do I make the Insert?,,
456226577798135808,Deleted User,11/09/2018 7:26 PM,"`` override void Init()
    {
        Print(""AdminTool:: Init():: Loading AdminTool Mods..."");
        
        m_AdminList    = new map<string, string>; //UID, name
        m_TPLocations  = new map<string, vector>; //name of town, pos
        m_ExtendedCommands = new map<string,int>; //Command, length
        
        //-----Add Admins from txt-----
        FileHandle AdminUIDSFile = OpenFile(m_AdminListPath + ""Admins.txt"", FileMode.READ);
        if (AdminUIDSFile != 0)
        {
            string line_content = """";
            while ( FGets(AdminUIDSFile,line_content) > 0 )
            {
                m_AdminList.Insert(line_content,""null""); //UID , NAME
                Print(""Adding Admin: ""+ line_content + "" To the Admin List!"");
            }
            CloseFile(AdminUIDSFile);
        }  ``",,
334756290742190081,._corey,11/09/2018 7:27 PM,FileHandle is not working,,
456226577798135808,Deleted User,11/09/2018 7:27 PM,Yea I Know,,
456226577798135808,Deleted User,11/09/2018 7:27 PM,BUT,,
295660175237447691,sentepu,11/09/2018 7:27 PM,check the github,,
456226577798135808,Deleted User,11/09/2018 7:27 PM,Can I just add the Insert my 64ID?,,
334756290742190081,._corey,11/09/2018 7:27 PM,"m_AdminList.Insert(""ID here"");",,üëç (1)
334756290742190081,._corey,11/09/2018 7:27 PM,when the script initalizes,,
334756290742190081,._corey,11/09/2018 7:28 PM,@Cooltrain tell me if you got the config and constant setup,,
295660175237447691,sentepu,11/09/2018 7:28 PM,"my bad dunno which version i had on github it was with insert method, master is not anymore",,
334756290742190081,._corey,11/09/2018 7:32 PM,"@Cooltrain  and anyone else who needs it,
https://hastebin.com/xutinuyaxu.cs",,
334756290742190081,._corey,11/09/2018 7:33 PM,sample for adding an intreaction class to the game,,
334756290742190081,._corey,11/09/2018 7:33 PM,"this one uses single use base, comments in there  explain what does what",,
107560637399306240,cooltrain,11/09/2018 7:34 PM,Its blank?,,
334756290742190081,._corey,11/09/2018 7:34 PM,"there are lot more options, functions you can override if you research the already defined ones",,
334756290742190081,._corey,11/09/2018 7:34 PM,it's blank,,
334756290742190081,._corey,11/09/2018 7:35 PM,"//    ran on client when action started
    override void OnStartClient( ActionData action_data )
    {
        
            PlayerBase m_Player = PlayerBase.Cast( GetGame().GetPlayer() );
            m_Player.MessageStatus(""Blablablablablabla.."");
        
    }",,
334756290742190081,._corey,11/09/2018 7:35 PM,this will send you a message when the action is executed,,
107560637399306240,cooltrain,11/09/2018 7:35 PM,I don't think its suppose to be blank?,,
334756290742190081,._corey,11/09/2018 7:35 PM,it can be blank,,
456226577798135808,Deleted User,11/09/2018 7:35 PM,anyone else having issues with admintools from Da0ne mod ? commands arent working i updated the admintool.c,,
107560637399306240,cooltrain,11/09/2018 7:35 PM,I mean the hastebin is empty,,
334756290742190081,._corey,11/09/2018 7:35 PM,"you will understand, just setup the one i previously sent you",,
334756290742190081,._corey,11/09/2018 7:36 PM,aaa,,
334756290742190081,._corey,11/09/2018 7:36 PM,i thought the code i sent,,
334756290742190081,._corey,11/09/2018 7:36 PM,wtfxD,,
334756290742190081,._corey,11/09/2018 7:36 PM,lol it is blank wtf,,
107560637399306240,cooltrain,11/09/2018 7:36 PM,there you go ^^,,
334756290742190081,._corey,11/09/2018 7:36 PM,wtf hastebin died again,,
107560637399306240,cooltrain,11/09/2018 7:36 PM,just use pastebin,,
456226577798135808,Deleted User,11/09/2018 7:36 PM,@Deleted User,,
334756290742190081,._corey,11/09/2018 7:36 PM,yeah i'll put it there,,
456226577798135808,Deleted User,11/09/2018 7:37 PM,"add , `` m_AdminList.Insert(""ID here"");``¬¥",,
456226577798135808,Deleted User,11/09/2018 7:37 PM,That.,,
456226577798135808,Deleted User,11/09/2018 7:37 PM,Also guys does the serverdz.cfg motd works? or its broken?,,
334756290742190081,._corey,11/09/2018 7:37 PM,@Cooltrain https://pastebin.com/DA4SZgPA,,
456226577798135808,Deleted User,11/09/2018 7:38 PM,@Deleted User what??,,
334756290742190081,._corey,11/09/2018 7:39 PM,this script has to be in 4_World as well @Cooltrain,,
334756290742190081,._corey,11/09/2018 7:39 PM,then inside ActionConstructor's function where its adding the actions,,
334756290742190081,._corey,11/09/2018 7:39 PM,actions.Insert(new Your_Action_name);,,
334756290742190081,._corey,11/09/2018 7:39 PM,"use the classname there, not the constant",,
334756290742190081,._corey,11/09/2018 7:40 PM,"if you did everything right, you should see the action when you walk up to the specific item",,
239201186933112833,da0ne_,11/09/2018 7:40 PM,"its not broken @Corey , i updated it. it can read admins from txt",,
456226577798135808,Deleted User,11/09/2018 7:40 PM,its not for me,,
334756290742190081,._corey,11/09/2018 7:40 PM,as others said yesterday filehandle is broken hm,,
334756290742190081,._corey,11/09/2018 7:40 PM,i know fileserializer can read but cant write,,
334756290742190081,._corey,11/09/2018 7:40 PM,really hope they fix it,,
239201186933112833,da0ne_,11/09/2018 7:40 PM,"m8, im using it right now",,
239201186933112833,da0ne_,11/09/2018 7:41 PM,"filehandle READS, but does not WRITE",,
239201186933112833,da0ne_,11/09/2018 7:41 PM,update your server,,
456226577798135808,Deleted User,11/09/2018 7:41 PM,i did update =/,,
107560637399306240,cooltrain,11/09/2018 7:42 PM,how are you doing the action constructor where you add the action? are you doing a modded class and then using super?,,
334756290742190081,._corey,11/09/2018 7:42 PM,i dont use super,,
334756290742190081,._corey,11/09/2018 7:43 PM,i just copied the whole function,,
334756290742190081,._corey,11/09/2018 7:43 PM,and added modded before,,
334756290742190081,._corey,11/09/2018 7:43 PM,but what does super. does tho?,,
107560637399306240,cooltrain,11/09/2018 7:43 PM,oh,,
295660175237447691,sentepu,11/09/2018 7:44 PM,calls parent,,
456226577798135808,Deleted User,11/09/2018 7:44 PM,anyone else maybe know why the mods not working? =/ just in game commands the mod is installed and working as everything else for it works,,
167370568893464576,0x346e3730,11/09/2018 7:45 PM,super is calling parent's constructor,,
295660175237447691,sentepu,11/09/2018 7:45 PM,parent anything,,
334756290742190081,._corey,11/09/2018 7:45 PM,oh thats good to know,,
334756290742190081,._corey,11/09/2018 7:45 PM,so if i use super it will init and calls the data from the function im overriding?,,
167370568893464576,0x346e3730,11/09/2018 7:45 PM,"yeah, super() is parent's constructor, super.method() / super.publicVariable is anything",,üëç (1)
167370568893464576,0x346e3730,11/09/2018 7:46 PM,"Actually I don't know with EnfScript, I saw some people overriding and doing super() but it's weird if it calls overridden function",,
334756290742190081,._corey,11/09/2018 7:47 PM,i never really understood what the super is for,,
334756290742190081,._corey,11/09/2018 7:47 PM,i just randomly used it sometime and sometime do not,,
334756290742190081,._corey,11/09/2018 7:47 PM,but i never had any problems because using / not using it,,
456226577798135808,Deleted User,11/09/2018 7:51 PM,,https://cdn.discordapp.com/attachments/492295576470290433/510526820802887690/unknown.png,
456226577798135808,Deleted User,11/09/2018 7:51 PM,No peaches xD,,
334756290742190081,._corey,11/09/2018 7:51 PM,did anyone manage to intercept  chat messages?,,
334756290742190081,._corey,11/09/2018 7:52 PM,i was trying few weeks ago,,
334756290742190081,._corey,11/09/2018 7:52 PM,but didn't make progress,,
334756290742190081,._corey,11/09/2018 7:52 PM,"i could intercept it on client side, but message was still sent on server",,
295660175237447691,sentepu,11/09/2018 7:52 PM,need to be logged for server,,
456226577798135808,Deleted User,11/09/2018 7:52 PM,is anyone here using daone mod,,
295660175237447691,sentepu,11/09/2018 7:53 PM,i use admintool and it works,,
456226577798135808,Deleted User,11/09/2018 7:53 PM,what did u have to do to update it,,
456226577798135808,Deleted User,11/09/2018 7:53 PM,this morning with dayz updates,,
456226577798135808,Deleted User,11/09/2018 7:53 PM,cus i updated admintool.c,,
456226577798135808,Deleted User,11/09/2018 7:53 PM,but still not working,,
334756290742190081,._corey,11/09/2018 7:53 PM,@Sen logged for server what do you mean?,,
295660175237447691,sentepu,11/09/2018 7:54 PM,"check above, add admins with `Insert()`",,
456226577798135808,Deleted User,11/09/2018 7:54 PM,could you example it?,,
295660175237447691,sentepu,11/09/2018 7:54 PM,"logged as admin with #login, corey",,
334756290742190081,._corey,11/09/2018 7:54 PM,thats not what i meant Sen,,
456226577798135808,Deleted User,11/09/2018 7:54 PM,not with ur # but just an example,,
334756290742190081,._corey,11/09/2018 7:54 PM,i wanted to add custom chat messages,,
334756290742190081,._corey,11/09/2018 7:54 PM,i could break the message on client,,
456226577798135808,Deleted User,11/09/2018 7:54 PM,,https://cdn.discordapp.com/attachments/492295576470290433/510527643100250143/unknown.png,
334756290742190081,._corey,11/09/2018 7:54 PM,for example /spiderman in chat,,
334756290742190081,._corey,11/09/2018 7:54 PM,"i could intercept it on client, but still sent it to the server",,
334756290742190081,._corey,11/09/2018 7:54 PM,and everyone else saw it except me,,
334756290742190081,._corey,11/09/2018 7:55 PM,so halfway done,,
334756290742190081,._corey,11/09/2018 7:55 PM,but have no idea where the server is handling messages,,
295660175237447691,sentepu,11/09/2018 7:55 PM,"hum dont understand, check daone admintool think its what you need (overriding OnEvent from missionServer)",,
456226577798135808,Deleted User,11/09/2018 7:56 PM,thats from daone admintool,,
456226577798135808,Deleted User,11/09/2018 7:56 PM,im so confused xD,,
295660175237447691,sentepu,11/09/2018 7:56 PM,https://discordapp.com/channels/452035973786632194/492295576470290433/510523227433467915,,
456226577798135808,Deleted User,11/09/2018 7:56 PM,i put my number where line_content is?,,
334756290742190081,._corey,11/09/2018 7:57 PM,yes,,
334756290742190081,._corey,11/09/2018 7:57 PM,"between "" """,,
334756290742190081,._corey,11/09/2018 7:57 PM,"""716617272713727271""",,
456226577798135808,Deleted User,11/09/2018 7:58 PM,,https://cdn.discordapp.com/attachments/492295576470290433/510528646327566346/unknown.png,
456226577798135808,Deleted User,11/09/2018 7:58 PM,@Sen look right?,,
334756290742190081,._corey,11/09/2018 7:58 PM,no,,
334756290742190081,._corey,11/09/2018 7:58 PM,"put it inside "" """,,
334756290742190081,._corey,11/09/2018 7:59 PM,it has to be a string,,
241370201222938626,kegan.eth,11/09/2018 8:00 PM,if anyone can figure out how to get the mission file running code on clients,,
241370201222938626,kegan.eth,11/09/2018 8:00 PM,"```
bool hasMod = false;
int numChildren = GetGame().ConfigGetChildrenCount(""CfgMods""); //get all mod entries
for(int i = 0; i < numChildren;i++)
{
    string modName;
    if(ConfigGetChildName(""CfgMods"",i,modName))
    {
        if(modName == ""WeaponPack"")
        {
            hasMod  = true;
            break;
        }
    }
}
if(!hasMod)
{
    GetGame().DisconnectSessionForce();
}
```",,
241370201222938626,kegan.eth,11/09/2018 8:00 PM,there is a way to force clients to load a mod without using -equalModRequired,,
456226577798135808,Deleted User,11/09/2018 8:00 PM,,https://cdn.discordapp.com/attachments/492295576470290433/510529233244651521/unknown.png,
456226577798135808,Deleted User,11/09/2018 8:00 PM,would that work,,
241370201222938626,kegan.eth,11/09/2018 8:01 PM,How are you getting the steamid64 of a client?,,
334756290742190081,._corey,11/09/2018 8:01 PM,yeah but dont put that there,,
241370201222938626,kegan.eth,11/09/2018 8:01 PM,isn't it all hashed?,,
334756290742190081,._corey,11/09/2018 8:01 PM,no its not,,
241370201222938626,kegan.eth,11/09/2018 8:01 PM,What code are u using,,
456226577798135808,Deleted User,11/09/2018 8:01 PM,ok so where do i stick that xD,,
334756290742190081,._corey,11/09/2018 8:01 PM,GetPlainId returns it,,
456226577798135808,Deleted User,11/09/2018 8:01 PM,its Da0ne mod,,
334756290742190081,._corey,11/09/2018 8:01 PM,but you can see it in serve console as well,,
241370201222938626,kegan.eth,11/09/2018 8:01 PM,*GetPlainId * thanks fam,,
334756290742190081,._corey,11/09/2018 8:01 PM,"@Deleted User  i have no idea, what is the first function?",,
334756290742190081,._corey,11/09/2018 8:02 PM,@Kegan  you need the players identity,,
456226577798135808,Deleted User,11/09/2018 8:02 PM,,https://cdn.discordapp.com/attachments/492295576470290433/510529550917304330/unknown.png,
334756290742190081,._corey,11/09/2018 8:02 PM,playerbase.GetIdentity().GetPlainId(),,
456226577798135808,Deleted User,11/09/2018 8:02 PM,"He said all i needed to do was update the file, i updated the file and it should read from Admins.txt",,
241370201222938626,kegan.eth,11/09/2018 8:02 PM,"I figured, thanks",,
456226577798135808,Deleted User,11/09/2018 8:02 PM,but isnt i dont think cus no commands are working,,
334756290742190081,._corey,11/09/2018 8:02 PM,update wont help you,,
334756290742190081,._corey,11/09/2018 8:02 PM,if someone knows the daone or what tool,,
456226577798135808,Deleted User,11/09/2018 8:03 PM,yeah its his admintool,,
334756290742190081,._corey,11/09/2018 8:03 PM,can someone tell him to put the insert line inside the constructor?,,
334756290742190081,._corey,11/09/2018 8:03 PM,i dont know the name of it,,
456226577798135808,Deleted User,11/09/2018 8:03 PM,other people got it working idk how,,
334756290742190081,._corey,11/09/2018 8:03 PM,put that line inside the first function,,
295660175237447691,sentepu,11/09/2018 8:03 PM,reading file dont work for too derp,,
295660175237447691,sentepu,11/09/2018 8:04 PM,i use insert method atm,,
295660175237447691,sentepu,11/09/2018 8:04 PM,<https://github.com/Da0ne/DZMods/commit/872c817cb5d6ab8843d93a1804b7061123665854>,,
334756290742190081,._corey,11/09/2018 8:04 PM,yeah i'm telling him to do that,,
334756290742190081,._corey,11/09/2018 8:04 PM,but have no idea what functions are in the tool,,
334756290742190081,._corey,11/09/2018 8:04 PM,and i guess he does not know which one is the constructor,,
456226577798135808,Deleted User,11/09/2018 8:04 PM,I removed those lines because he said the mod was reading from admins.txt again,,
456226577798135808,Deleted User,11/09/2018 8:04 PM,so its not reading and i should put that back in,,
334756290742190081,._corey,11/09/2018 8:04 PM,but its not,,
456226577798135808,Deleted User,11/09/2018 8:04 PM,got it xD,,
295660175237447691,sentepu,11/09/2018 8:05 PM,if does not,,
334756290742190081,._corey,11/09/2018 8:05 PM,yes,,
295660175237447691,sentepu,11/09/2018 8:05 PM,revert,,
456226577798135808,Deleted User,11/09/2018 8:05 PM,kk,,
456226577798135808,Deleted User,11/09/2018 8:05 PM,will try,,
334756290742190081,._corey,11/09/2018 8:05 PM,but dont put that line inside the for cycle @Deleted User,,
334756290742190081,._corey,11/09/2018 8:05 PM,put it in the first function of the class,,
456226577798135808,Deleted User,11/09/2018 8:05 PM,yea put in void init,,
334756290742190081,._corey,11/09/2018 8:05 PM,otherwise it wont run,,
334756290742190081,._corey,11/09/2018 8:05 PM,yeah,,
456226577798135808,Deleted User,11/09/2018 8:05 PM,got itttttt i think,,
456226577798135808,Deleted User,11/09/2018 8:05 PM,sec,,
456226577798135808,Deleted User,11/09/2018 8:08 PM,,https://cdn.discordapp.com/attachments/492295576470290433/510531186016387072/unknown.png,
456226577798135808,Deleted User,11/09/2018 8:08 PM,still didnt work,,
334756290742190081,._corey,11/09/2018 8:10 PM,null should not be a string i guess,,
295660175237447691,sentepu,11/09/2018 8:10 PM,Comment the other code,,
334756290742190081,._corey,11/09/2018 8:10 PM,ah nvm thats the name,,
456226577798135808,Deleted User,11/09/2018 8:10 PM,??,,
295660175237447691,sentepu,11/09/2018 8:11 PM,Remove the code loading from file,,
456226577798135808,Deleted User,11/09/2018 8:11 PM,which line is that =/,,
456226577798135808,Deleted User,11/09/2018 8:11 PM,34?,,
456226577798135808,Deleted User,11/09/2018 8:12 PM,should i just remove the whole add admins from text,,
295660175237447691,sentepu,11/09/2018 8:13 PM,"Few weeks after, still cant test ü§¶",,
456226577798135808,Deleted User,11/09/2018 8:15 PM,just removed the whole thing for a sec,,üëè (1)
295660175237447691,sentepu,11/09/2018 8:16 PM,Im proud of you,,
456226577798135808,Deleted User,11/09/2018 8:16 PM,Still not fucking working,,
456226577798135808,Deleted User,11/09/2018 8:16 PM,i dont understand,,
456226577798135808,Deleted User,11/09/2018 8:16 PM,system logs me in as admin,,
456226577798135808,Deleted User,11/09/2018 8:16 PM,But the commands just wont work,,
295660175237447691,sentepu,11/09/2018 8:16 PM,Dam you baited me again,,
295660175237447691,sentepu,11/09/2018 8:16 PM,Ill try in a sec to be sure,,
456226577798135808,Deleted User,11/09/2018 8:17 PM,,https://cdn.discordapp.com/attachments/492295576470290433/510533287895236631/unknown.png,
295660175237447691,sentepu,11/09/2018 8:17 PM,And screen it,,
456226577798135808,Deleted User,11/09/2018 8:17 PM,,https://cdn.discordapp.com/attachments/492295576470290433/510533338881064980/unknown.png,
456226577798135808,Deleted User,11/09/2018 8:17 PM,ok,,
456226577798135808,Deleted User,11/09/2018 8:17 PM,tyty that would be great =/ i dont understand whats wrong xD,,
456226577798135808,Deleted User,11/09/2018 8:19 PM,https://github.com/Da0ne/DZMods/blob/master/mpmissions/DayZSurvival.chernarusplus/ScriptedMods/Modules/AdminTool/AdminTool.c,,
456226577798135808,Deleted User,11/09/2018 8:19 PM,"I used this page, and copied / pasted it over the current admintool.c",,
456226577798135808,Deleted User,11/09/2018 8:19 PM,its the only updated file on the mod page besides the readme.txt,,
456226577798135808,Deleted User,11/09/2018 8:19 PM,Not sure why admintool breaking,,
295660175237447691,sentepu,11/09/2018 8:27 PM,@DaOne(Mark) <https://github.com/Da0ne/DZMods/blob/master/mpmissions/DayZSurvival.chernarusplus/ScriptedMods/Modules/AdminTool/AdminTool.c#L510> minor fail here,,
456226577798135808,Deleted User,11/09/2018 8:27 PM,?,,
295660175237447691,sentepu,11/09/2018 8:28 PM,dont worry about it admin tool still work with it,,
456226577798135808,Deleted User,11/09/2018 8:28 PM,but it doesnt let me use commandsssssssss,,
456226577798135808,Deleted User,11/09/2018 8:28 PM,idk why,,
295660175237447691,sentepu,11/09/2018 8:29 PM,admintool does work,https://cdn.discordapp.com/attachments/492295576470290433/510536452753457158/unknown.png,
456226577798135808,Deleted User,11/09/2018 8:29 PM,you can login and use commands in game?..,,‚òù (2)
456226577798135808,Deleted User,11/09/2018 8:32 PM,?,,
456226577798135808,Deleted User,11/09/2018 8:35 PM,,https://cdn.discordapp.com/attachments/492295576470290433/510538037944516609/unknown.png,
456226577798135808,Deleted User,11/09/2018 8:35 PM,so this should work?........................,,
456226577798135808,Deleted User,11/09/2018 8:38 PM,confirmed you can use power in game?....,,
456226577798135808,Deleted User,11/09/2018 8:41 PM,,https://cdn.discordapp.com/attachments/492295576470290433/510539529330098188/unknown.png,
456226577798135808,Deleted User,11/09/2018 8:42 PM,,https://cdn.discordapp.com/attachments/492295576470290433/510539607256072224/unknown.png,
456226577798135808,Deleted User,11/09/2018 8:42 PM,No tp.,,
120714283246944256,thepsilonnaught,11/09/2018 8:42 PM,What does script log say?,,
456226577798135808,Deleted User,11/09/2018 8:43 PM,script.log?,,
456226577798135808,Deleted User,11/09/2018 8:44 PM,console picked it up,https://cdn.discordapp.com/attachments/492295576470290433/510540160925171722/unknown.png,
456226577798135808,Deleted User,11/09/2018 8:47 PM,yeah i dont get it,https://cdn.discordapp.com/attachments/492295576470290433/510540973890338816/unknown.png,
456226577798135808,Deleted User,11/09/2018 8:47 PM,,https://cdn.discordapp.com/attachments/492295576470290433/510541015225073698/unknown.png,
456226577798135808,Deleted User,11/09/2018 8:56 PM,I literally just fresh installed the mod.,,
456226577798135808,Deleted User,11/09/2018 8:56 PM,Still doesnt work.,,
456226577798135808,Deleted User,11/09/2018 9:09 PM,im befuzzled ü§¶,,
456226577798135808,Deleted User,11/09/2018 9:12 PM,@Deleted User I know you were having issues with the admintools at one point...did you ever get it working,,
456226577798135808,Deleted User,11/09/2018 9:15 PM,"When i login in game, players can still see my chat in game when i type like when i use commands too but the commands just arent working",,
456226577798135808,Deleted User,11/09/2018 9:15 PM,so it does log me in,,
456226577798135808,Deleted User,11/09/2018 9:25 PM,So,,
456226577798135808,Deleted User,11/09/2018 9:25 PM,"Can i get a new rank ü§£ ""Derp of all Derps"" or some dumb shit",,
456226577798135808,Deleted User,11/09/2018 9:25 PM,cus the issue,,
456226577798135808,Deleted User,11/09/2018 9:26 PM,was so simple......I didnt re copy over the fracking init.c,,
456226577798135808,Deleted User,11/09/2018 9:26 PM,shoot me,,"üî´ (3),üíØ (1)"
107560637399306240,cooltrain,11/09/2018 9:29 PM,Ouch,,
456226577798135808,Deleted User,11/09/2018 9:29 PM,this entire time ive been pulling my hair out,,
456226577798135808,Deleted User,11/09/2018 10:00 PM,anyone know anything bout these crashes?,https://cdn.discordapp.com/attachments/492295576470290433/510559394824585247/unknown.png,
120714283246944256,thepsilonnaught,11/09/2018 10:12 PM,EEKilled was (re)moved perhaps? The kill feed stuff from that mod doesn't work anymore,,
456226577798135808,Deleted User,11/09/2018 10:25 PM,Is there a way to remove playerfeed from seeing me using commands in chat from Da0ne mod,,
456226577798135808,Deleted User,11/09/2018 10:25 PM,really upsets people,,
120714283246944256,thepsilonnaught,11/09/2018 10:25 PM,"With the ""s""?",,
456226577798135808,Deleted User,11/09/2018 10:25 PM,Idk,,
456226577798135808,Deleted User,11/09/2018 10:26 PM,whenever i tp / spi / spg,,
334756290742190081,._corey,11/09/2018 10:26 PM,i think he wants to hide the chat message,,
456226577798135808,Deleted User,11/09/2018 10:26 PM,anything i use logged in as admin shows for everyone,,
456226577798135808,Deleted User,11/09/2018 10:26 PM,i just want to know if theres possibly a way to disable the messages from displaying to players and have it only show for admins?,,
120714283246944256,thepsilonnaught,11/09/2018 10:26 PM,"```c
void HideMessages(PlayerBase player, array<Man> players) {
        for (int meme = 0; meme < players.Count(); ++meme) {
            PlayerBase memes = PlayerBase.Cast(players.Get(meme));
            for (int nn = 0; nn < 12; ++nn) {
                if (memes.GetIdentity() != player.GetIdentity()) {
                    Param1<string> Msgparam;
                    Msgparam = new Param1<string>(""  ""); //Cheeky blank message
                    GetGame().RPCSingleParam(memes, ERPCs.RPC_USER_ACTION_MESSAGE, Msgparam, true, memes.GetIdentity());
                }
            }
        }
    }
```",,
120714283246944256,thepsilonnaught,11/09/2018 10:26 PM,"But it will still show the ""s"" prefix",,
456226577798135808,Deleted User,11/09/2018 10:27 PM,"Whenever i use a command it will still spam chat for players with just a message saying ""s""?",,
120714283246944256,thepsilonnaught,11/09/2018 10:27 PM,correct,,
334756290742190081,._corey,11/09/2018 10:27 PM,that is a shitty way to do it @EpsilonNaught,,
120714283246944256,thepsilonnaught,11/09/2018 10:28 PM,correct,,
334756290742190081,._corey,11/09/2018 10:28 PM,why spam the players' chat with empty string,,
334756290742190081,._corey,11/09/2018 10:28 PM,what if they send sauce to some good stuff,,
334756290742190081,._corey,11/09/2018 10:28 PM,then you just clear it out,,
334756290742190081,._corey,11/09/2018 10:28 PM,before they could write it down,,
120714283246944256,thepsilonnaught,11/09/2018 10:28 PM,tough shit,,
120714283246944256,thepsilonnaught,11/09/2018 10:29 PM,"it is a cheap implementation server-side, i have not found another way yet",,
334756290742190081,._corey,11/09/2018 10:29 PM,Tomorrow i'll look into  chat interception,,
334756290742190081,._corey,11/09/2018 10:29 PM,or maybe even today,,
334756290742190081,._corey,11/09/2018 10:29 PM,kinda tired not sure if i could make progress,,
261535471698575370,hairywookiee,11/09/2018 10:29 PM,"From what I understand you can't simply eat the ChatMessageEventTypeID event, because the actual message propagation is handled at a higher level, probably in native land?",,
120714283246944256,thepsilonnaught,11/09/2018 10:29 PM,I was last night in `ChatLine.c` but my efforts didn't get too far as I fell asleep,,
334756290742190081,._corey,11/09/2018 10:29 PM,chatline.c is client side,,
120714283246944256,thepsilonnaught,11/09/2018 10:30 PM,I realize that,,
334756290742190081,._corey,11/09/2018 10:30 PM,even if you remove your message,,
334756290742190081,._corey,11/09/2018 10:30 PM,players will see it,,
120714283246944256,thepsilonnaught,11/09/2018 10:30 PM,The players will have the mod,,
120714283246944256,thepsilonnaught,11/09/2018 10:30 PM,to remove it,,
334756290742190081,._corey,11/09/2018 10:30 PM,well that would be an option,,
334756290742190081,._corey,11/09/2018 10:30 PM,if they have it on client as well,,
334756290742190081,._corey,11/09/2018 10:30 PM,"wait, if the server admin uses the admin tool",,
334756290742190081,._corey,11/09/2018 10:30 PM,player has to install it as well?,,
120714283246944256,thepsilonnaught,11/09/2018 10:31 PM,The admintool chat interception is server-side,,
334756290742190081,._corey,11/09/2018 10:38 PM,but there is no interception if it sends your message to other players,,
334756290742190081,._corey,11/09/2018 10:38 PM,isn't that what he says?,,
334756290742190081,._corey,11/09/2018 10:38 PM,to hide his chat messages when he sends commands,,
120714283246944256,thepsilonnaught,11/09/2018 10:44 PM,You'd have to disable other's chats imo,,
120714283246944256,thepsilonnaught,11/09/2018 10:45 PM,"I haven't gone through any testing with it, but I think the RPC param1 is the PlayerBase. If that's the case, you may be able to return early in ChatLine if the plain id is an admin",,
120714283246944256,thepsilonnaught,11/09/2018 10:45 PM,"and the message starts with ""/""",,
261535471698575370,hairywookiee,11/09/2018 10:56 PM,If you're writing a client mod you could just bypass using the chat system for commands,,
261535471698575370,hairywookiee,11/09/2018 10:56 PM,"E.g. create a menu, use hotkeys to send RPCs. Or still just chatline, but just don't send it as a regular chat but send an RPC instead, if a command is detected",,
334756290742190081,._corey,11/09/2018 11:01 PM,if you detect a command on client,,
334756290742190081,._corey,11/09/2018 11:01 PM,"you can ""block"" the message",,
334756290742190081,._corey,11/09/2018 11:01 PM,it wont appear on client,,
334756290742190081,._corey,11/09/2018 11:01 PM,but still sends it to the server,,
334756290742190081,._corey,11/09/2018 11:01 PM,"so when the client sends a message, i think that is a native function in the game we cant assess",,
334756290742190081,._corey,11/09/2018 11:01 PM,i already spent a lot of time trying to block the message from going out,,
261535471698575370,hairywookiee,11/09/2018 11:01 PM,Hmm,,
334756290742190081,._corey,11/09/2018 11:02 PM,so we have to block it on server side,,
261535471698575370,hairywookiee,11/09/2018 11:02 PM,Presumably you were looking at ChatInputMenu?,,
334756290742190081,._corey,11/09/2018 11:02 PM,i looked into all the scripts that is related to the chat,,
334756290742190081,._corey,11/09/2018 11:02 PM,but i'll look into the server side events n shit later,,
334756290742190081,._corey,11/09/2018 11:02 PM,i'm just trying to get the workbench to work,,
261535471698575370,hairywookiee,11/09/2018 11:02 PM,I would have thought that if the UI for the text input box was implemented in script we'd have full control of what happens when they hit enter..,,
334756290742190081,._corey,11/09/2018 11:03 PM,the ChatInput is just the ui element you see n shit,,
334756290742190081,._corey,11/09/2018 11:03 PM,the message event that happens,,
334756290742190081,._corey,11/09/2018 11:03 PM,i have no idea where that is,,
334756290742190081,._corey,11/09/2018 11:03 PM,even Chat.c has nothing to do with it,,
261535471698575370,hairywookiee,11/09/2018 11:03 PM,"But it's the UI that you interact with - you type the text in, then press enter",,
261535471698575370,hairywookiee,11/09/2018 11:04 PM,"override bool OnChange(Widget w, int x, int y, bool finished)",,
261535471698575370,hairywookiee,11/09/2018 11:04 PM,Which I assume would be where this is fired,,
334756290742190081,._corey,11/09/2018 11:04 PM,"yes, but that chat is client side",,
334756290742190081,._corey,11/09/2018 11:04 PM,"your chat, is not the same as the one sends the message",,
334756290742190081,._corey,11/09/2018 11:04 PM,that's why you can remove the chat message on client,,
334756290742190081,._corey,11/09/2018 11:04 PM,but the server still sees it,,
334756290742190081,._corey,11/09/2018 11:04 PM,"there is a function, i don't know which file",,
261535471698575370,hairywookiee,11/09/2018 11:04 PM,Can you stop it from sending to the server tho?,,
261535471698575370,hairywookiee,11/09/2018 11:04 PM,"GetGame().ChatPlayer(/*GetGame().ChatGetChannel()*/0, text);",,
334756290742190081,._corey,11/09/2018 11:04 PM,"it checks if the message is  == """" then returns",,
261535471698575370,hairywookiee,11/09/2018 11:05 PM,I would assume that would be the one sending it,,
334756290742190081,._corey,11/09/2018 11:05 PM,"if you remove the message on client side in all the chat scripts, it still sends it on server",,
334756290742190081,._corey,11/09/2018 11:05 PM,good point i will check the ChatPlayer function itself,,
334756290742190081,._corey,11/09/2018 11:05 PM,it its accessible,,
